[{"model": "contenttypes.contenttype", "pk": 1, "fields": {"app_label": "admin", "model": "logentry"}}, {"model": "contenttypes.contenttype", "pk": 2, "fields": {"app_label": "auth", "model": "group"}}, {"model": "contenttypes.contenttype", "pk": 3, "fields": {"app_label": "auth", "model": "user"}}, {"model": "contenttypes.contenttype", "pk": 4, "fields": {"app_label": "auth", "model": "permission"}}, {"model": "contenttypes.contenttype", "pk": 5, "fields": {"app_label": "contenttypes", "model": "contenttype"}}, {"model": "contenttypes.contenttype", "pk": 6, "fields": {"app_label": "sessions", "model": "session"}}, {"model": "contenttypes.contenttype", "pk": 7, "fields": {"app_label": "recensioni", "model": "recensione"}}, {"model": "contenttypes.contenttype", "pk": 8, "fields": {"app_label": "recensioni", "model": "commento"}}, {"model": "contenttypes.contenttype", "pk": 9, "fields": {"app_label": "recensioni", "model": "tag"}}, {"model": "contenttypes.contenttype", "pk": 10, "fields": {"app_label": "portal", "model": "userprofile"}}, {"model": "recensioni.tag", "pk": "BestOfItaly", "fields": {"recensione": [22, 23]}}, {"model": "recensioni.tag", "pk": "Esplosioni", "fields": {"recensione": [15, 16, 20, 25]}}, {"model": "recensioni.tag", "pk": "PrimeQuattroRecensione", "fields": {"recensione": [1, 2, 3, 13]}}, {"model": "recensioni.tag", "pk": "PrimeTreRecensioni", "fields": {"recensione": [1, 2, 3]}}, {"model": "recensioni.tag", "pk": "TopFilm", "fields": {"recensione": [1, 3, 15, 16, 17, 18, 19, 27, 28]}}, {"model": "recensioni.tag", "pk": "TopRecensioni", "fields": {"recensione": [1, 3, 26, 27]}}, {"model": "auth.permission", "pk": 1, "fields": {"name": "Can add log entry", "content_type": 1, "codename": "add_logentry"}}, {"model": "auth.permission", "pk": 2, "fields": {"name": "Can change log entry", "content_type": 1, "codename": "change_logentry"}}, {"model": "auth.permission", "pk": 3, "fields": {"name": "Can delete log entry", "content_type": 1, "codename": "delete_logentry"}}, {"model": "auth.permission", "pk": 4, "fields": {"name": "Can add group", "content_type": 2, "codename": "add_group"}}, {"model": "auth.permission", "pk": 5, "fields": {"name": "Can change group", "content_type": 2, "codename": "change_group"}}, {"model": "auth.permission", "pk": 6, "fields": {"name": "Can delete group", "content_type": 2, "codename": "delete_group"}}, {"model": "auth.permission", "pk": 7, "fields": {"name": "Can add user", "content_type": 3, "codename": "add_user"}}, {"model": "auth.permission", "pk": 8, "fields": {"name": "Can change user", "content_type": 3, "codename": "change_user"}}, {"model": "auth.permission", "pk": 9, "fields": {"name": "Can delete user", "content_type": 3, "codename": "delete_user"}}, {"model": "auth.permission", "pk": 10, "fields": {"name": "Can add permission", "content_type": 4, "codename": "add_permission"}}, {"model": "auth.permission", "pk": 11, "fields": {"name": "Can change permission", "content_type": 4, "codename": "change_permission"}}, {"model": "auth.permission", "pk": 12, "fields": {"name": "Can delete permission", "content_type": 4, "codename": "delete_permission"}}, {"model": "auth.permission", "pk": 13, "fields": {"name": "Can add content type", "content_type": 5, "codename": "add_contenttype"}}, {"model": "auth.permission", "pk": 14, "fields": {"name": "Can change content type", "content_type": 5, "codename": "change_contenttype"}}, {"model": "auth.permission", "pk": 15, "fields": {"name": "Can delete content type", "content_type": 5, "codename": "delete_contenttype"}}, {"model": "auth.permission", "pk": 16, "fields": {"name": "Can add session", "content_type": 6, "codename": "add_session"}}, {"model": "auth.permission", "pk": 17, "fields": {"name": "Can change session", "content_type": 6, "codename": "change_session"}}, {"model": "auth.permission", "pk": 18, "fields": {"name": "Can delete session", "content_type": 6, "codename": "delete_session"}}, {"model": "auth.permission", "pk": 19, "fields": {"name": "Can add recensione", "content_type": 7, "codename": "add_recensione"}}, {"model": "auth.permission", "pk": 20, "fields": {"name": "Can change recensione", "content_type": 7, "codename": "change_recensione"}}, {"model": "auth.permission", "pk": 21, "fields": {"name": "Can delete recensione", "content_type": 7, "codename": "delete_recensione"}}, {"model": "auth.permission", "pk": 22, "fields": {"name": "Can add commento", "content_type": 8, "codename": "add_commento"}}, {"model": "auth.permission", "pk": 23, "fields": {"name": "Can change commento", "content_type": 8, "codename": "change_commento"}}, {"model": "auth.permission", "pk": 24, "fields": {"name": "Can delete commento", "content_type": 8, "codename": "delete_commento"}}, {"model": "auth.permission", "pk": 25, "fields": {"name": "can comment the review", "content_type": 8, "codename": "can_comment"}}, {"model": "auth.permission", "pk": 26, "fields": {"name": "Can add tag", "content_type": 9, "codename": "add_tag"}}, {"model": "auth.permission", "pk": 27, "fields": {"name": "Can change tag", "content_type": 9, "codename": "change_tag"}}, {"model": "auth.permission", "pk": 28, "fields": {"name": "Can delete tag", "content_type": 9, "codename": "delete_tag"}}, {"model": "auth.permission", "pk": 29, "fields": {"name": "Can add user profile", "content_type": 10, "codename": "add_userprofile"}}, {"model": "auth.permission", "pk": 30, "fields": {"name": "Can change user profile", "content_type": 10, "codename": "change_userprofile"}}, {"model": "auth.permission", "pk": 31, "fields": {"name": "Can delete user profile", "content_type": 10, "codename": "delete_userprofile"}}, {"model": "auth.group", "pk": 1, "fields": {"name": "Utenti", "permissions": [19]}}, {"model": "auth.group", "pk": 2, "fields": {"name": "Recensori ufficiali", "permissions": [22, 25, 23, 24, 19, 20, 21, 26, 27]}}, {"model": "auth.user", "pk": 1, "fields": {"password": "pbkdf2_sha256$36000$UtBSsVk2MwEm$5OAkru0fu9HgTtgYcbiF5lnrG9gCjhMHi62UvoUCcoY=", "last_login": "2017-08-05T14:31:41.272Z", "is_superuser": true, "username": "admin", "first_name": "", "last_name": "", "email": "admin@example.com", "is_staff": true, "is_active": true, "date_joined": "2017-06-26T17:20:50.411Z", "groups": [1, 2], "user_permissions": []}}, {"model": "auth.user", "pk": 2, "fields": {"password": "pbkdf2_sha256$36000$KdkqwTKgeolq$7WwCNG38aj4m4096aGSQjYF7NhboiREeCl54mOfN94U=", "last_login": "2017-07-10T14:13:37Z", "is_superuser": false, "username": "userAnon", "first_name": "", "last_name": "", "email": "", "is_staff": false, "is_active": true, "date_joined": "2017-07-03T16:12:18Z", "groups": [1], "user_permissions": [19, 20, 21]}}, {"model": "auth.user", "pk": 3, "fields": {"password": "pbkdf2_sha256$36000$euaDMKMjKViT$YiaDwaqvRDjUjgQhV/8gFMvR3e7oMR8xJ5+jSIxqGEI=", "last_login": "2017-07-31T11:05:26.262Z", "is_superuser": false, "username": "nobody", "first_name": "", "last_name": "", "email": "", "is_staff": false, "is_active": true, "date_joined": "2017-07-10T14:28:23.944Z", "groups": [1], "user_permissions": []}}, {"model": "auth.user", "pk": 4, "fields": {"password": "pbkdf2_sha256$36000$QDQfpCQWghw7$DZhNmZFOgG7z/fhFHsEvikALUJAIjnL8+Eax7uiMa4c=", "last_login": null, "is_superuser": false, "username": "notactiveman", "first_name": "", "last_name": "", "email": "", "is_staff": false, "is_active": false, "date_joined": "2017-07-10T15:42:50Z", "groups": [1], "user_permissions": [1, 2, 3, 4, 5, 6, 10, 11, 12, 7, 8, 9, 13, 14, 15, 22, 25, 23, 24, 19, 20, 21, 26, 27, 28, 16, 17, 18]}}, {"model": "auth.user", "pk": 5, "fields": {"password": "pbkdf2_sha256$36000$bsBch1goGBvT$hD7SLCBtqlciYBwgU3KBnC81TkFNje9MsxdwMT7ONuw=", "last_login": "2017-07-31T10:51:14.613Z", "is_superuser": false, "username": "user1", "first_name": "Mario", "last_name": "Rossi", "email": "mario@rossi.net", "is_staff": false, "is_active": true, "date_joined": "2017-07-10T15:47:56Z", "groups": [1], "user_permissions": [22, 23, 24, 19, 20, 21, 26, 27, 28]}}, {"model": "auth.user", "pk": 6, "fields": {"password": "pbkdf2_sha256$36000$QOlTsMIjTS94$gZTH+Jwze7tu4+CKf/Cb7xDxi05NcEJNNKJUY/ysJK8=", "last_login": "2017-08-02T14:51:39.002Z", "is_superuser": false, "username": "giulia", "first_name": "", "last_name": "", "email": "", "is_staff": false, "is_active": true, "date_joined": "2017-07-31T17:08:28.660Z", "groups": [1], "user_permissions": []}}, {"model": "auth.user", "pk": 7, "fields": {"password": "pbkdf2_sha256$36000$iFGELTIMkzuY$qvYoRcuY4Mgm7gt0Wb/vn6vPfpluVIwLO5smK71oW6o=", "last_login": null, "is_superuser": false, "username": "CineUser", "first_name": "", "last_name": "", "email": "", "is_staff": false, "is_active": true, "date_joined": "2017-07-31T18:11:25Z", "groups": [1, 2], "user_permissions": []}}, {"model": "auth.user", "pk": 8, "fields": {"password": "pbkdf2_sha256$36000$8RaSbCV99uQH$1tyUkc44s1Etj707PnF4QXgAsMJOmn28QrripyVa8pc=", "last_login": "2017-08-05T14:19:02Z", "is_superuser": false, "username": "ComicFan", "first_name": "", "last_name": "", "email": "", "is_staff": false, "is_active": true, "date_joined": "2017-08-02T09:41:36Z", "groups": [1, 2], "user_permissions": []}}, {"model": "auth.user", "pk": 9, "fields": {"password": "pbkdf2_sha256$36000$98O7wu7wMtUi$6eag2ES3ctSXAhkEFf8WC0XqCYHFTfoYduXCIjagpFc=", "last_login": null, "is_superuser": false, "username": "Giacomo", "first_name": "", "last_name": "", "email": "", "is_staff": false, "is_active": true, "date_joined": "2017-08-02T09:49:43.767Z", "groups": [1], "user_permissions": []}}, {"model": "recensioni.recensione", "pk": 1, "fields": {"titolo": "C'era una volta in America..", "autore": 2, "testo": "\"C'era una volta il West\" doveva essere l'ultima fatica nel genere di Sergio Leone, il suo epitaffio: era il momento di voltare pagina, lanciarsi in una nuova avventura. Le cose non andarono cos\u00ec e torn\u00f2 al western, rivisitato in salsa rivoluzionaria, col sottovalutato \"Gi\u00f9 la testa!\". Poi dodici anni di silenzio durante i quali il regista si dedic\u00f2 soprattutto alla produzione: gran parte della commedia western \"Il mio nome \u00e8 nessuno\" \u00e8 attribuibile a lui e come tutti sanno contribu\u00ec a lanciare Carlo Verdone nel mondo di Cinecitt\u00e0. In realt\u00e0 per tutto questo tempo il regista romano ha cullato l'idea di un gangster movie, del suo gangster movie visto che aveva rifiutato la possibilit\u00e0 di dirigere addirittura \"The Godfather\".\r\nTutto era cominciato con la lettura quasi per caso di \"The Hood\", autobiografia romanzata di Harry Grey, che ricordava i suoi trascorsi da gangster nell'America del proibizionismo. I contorni nebulosi, come quelli di un sogno oppiaceo, si coloravano lentamente di un paesaggio umano e sociale, nonch\u00e9 di un contesto storico ben definito. Dieci anni di travaglio per problemi di diritti d'autore e non, finch\u00e9 nel 1982, grazie al produttore Arnon Milchan, Leone pot\u00e9 far partire la lenta macchina produttiva che gli permise di realizzare la sua opera pi\u00f9 ambiziosa.\r\nIl regista mise in piedi un cast di prim'ordine che diresse col suo solito tono burbero in un clima che dovette essere tutt'altro che semplice (Leone era capace di recitare l'intero copione per tutti i personaggi), tanto che De Niro stesso entr\u00f2 presto in rotta col regista. Eppure il risultato \u00e8 eccellente. Robert De Niro, scelto per dare corpo a Noodles, offre un'interpretazione di grande finezza psicologica e di fortissima maturit\u00e0. Lui stesso a quanto pare sugger\u00ec James Woods nel ruolo di Max, il quale diede probabilmente la sua miglior prova in carriera. Poi un cast di ragazzi per interpretare i personaggi da giovani, tra cui spicca l'oggi famosa Jennifer Connelly scelta perch\u00e9 sapeva danzare e per - a suo dire - la somiglianza del suo naso con quello di Elizabeth Mcgovern, che interpreta Deborah da adulta. \r\n\r\nPlasmando le coordinate del cinema gangster, Leone compie il saggio definitivo sui due fuochi intorno al quale \u00e8 ruotata l'ellisse del suo cinema: il Tempo e il Mito. Un'epica gangster che attraversava quasi cinquant'anni di storia americana, ma che, soprattutto, rileggeva col suoi inimitabile sguardo un immaginario gi\u00e0 assorbito come quello dei gangster. Una fiaba amorale che chiude la riflessione post-moderna di Leone sul cinema americano. Non per niente, il progetto successivo sarebbe stato di altro respiro, con una diversa impostazione: il racconto della resistenza di Leningrado durante l'assedio Nazista.\r\n\r\nNoodles: I vincenti si riconoscono alla partenza. Riconosci i vincenti e i brocchi. Chi avrebbe puntato su di te?\r\nFat Moe: Io avrei puntato tutto su di te.\r\nNoodles: E avresti perso.\r\n(Robert De Niro e Larry Rapp nel film)\r\n\r\nAll'inizio, lo sguardo interno al racconto \u00e8 un'assenza: Noodles, ricercato dai sicari del sindacato, dagli amici come dai nemici, \u00e8 nascosto nel retro di un teatro di ombre cinesi, dove Leone evit\u00f2 di mostrare la sin troppo esplicita \"lotta tra il Bene e il male\". L\u00e0 dove gli uomini si perdono nell'oppio che obnubila le coscienze, Noodles cerca di soffocare i sensi di colpa, metaforizzati dal rintronante trillo del telefono che collega frammenti degli eventi accaduti la notte precedente. Un assaggio dell'intreccio che si far\u00e0 strada pi\u00f9 avanti, dove si tenter\u00e0 di rimettere ordine al caos dei ricordi che si affollano e il cinema viene usato come teatro in cui si rivelano le ombre del passato. Dopo la fuga Noodles va alla stazione per prendere i soldi ereditati dalla defunta societ\u00e0, ma ci trova solo vecchi giornali: spiazzato e amareggiato prende il primo treno per non fare pi\u00f9 ritorno. La macchina da presa accompagna fuori dall'inquadratura il protagonista e con un breve stacco fa un salto di trentacinque anni: Noodles, ora sessantenne, torna a New York perch\u00e9 \u00e8 stato richiamato da una misteriosa lettera che ratificava lo spostamento delle tombe del cimitero ebraico. Senza pi\u00f9 nulla da perdere e forse stanco di scappare, David Aaronson vuole capire chi ha speso tante energie per scovarlo dopo trentacinque anni. L'unico a essere rimasto nel Lower East Side \u00e8 il vecchio Fat Moe, dal quale Noodles si fa ospitare: la notte si ritrova a vagare per il locale dell'amico e a guardare dopo tanti anni dal buco intagliato nella parete del bagno, dove, da ragazzo, spiava l'amata Deborah: attraverso un falso raccordo, il suo sguardo genera il flashback che ci proietta negli anni '20 mostrandoci proprio la ragazza che prova dei passi di danza.\r\n\r\nLa parte della giovent\u00f9, ambientata nel brulicante quartiere ebraico, possiede i toni nostalgici del romanzo di formazione: questa linea narrativa si ricollegher\u00e0 all'et\u00e0 adulta dell'incipit, pi\u00f9 dura e incattivita dai tempi, in cui l'anima di Max, corrotta dall'avidit\u00e0, comincia a entrare in contrasto col pi\u00f9 moderato Noodles, che al contrario non possiede grandi ambizioni (non a caso dir\u00e0 a Deborah che lei e Max si odiano perch\u00e9 troppo simili). Infine il blocco posizionato nel 1968 e introdotto da \"Yesterday\" ci porta in una New York radicalmente mutata, che mostra come gli antichi gangster, cambiato volto, siano diventati l'anima della politica americana. Guarda caso, nell'anno delle grandi speranze di una generazione, Leone situa il ritorno a casa del loner, simbolo di una America giovane ma gi\u00e0 decadente. Quella di Noodles \u00e8 un'indagine dentro e fuori di s\u00e9, e va a costituire il malinconico bilancio esistenziale di uno sconfitto.\r\n\r\n\u00abQuando scatta in me l'idea di un nuovo film ne vengo totalmente assorbito e vivo maniacalmente per quell'idea. Mangio e penso al film, cammino e penso al film, vado al cinema e non vedo il film ma vedo il mio...Non ho mai visto De Niro sul set ma sempre il mio Noodles. Sono certo di aver fatto con lui \"C'era una volta il mio cinema\", pi\u00f9 che \"C'era una volta in America\"\u00bb  \r\nSergio Leone\r\n\r\nL'ambiguit\u00e0 di lettura ha fatto la fortuna, oltre che ampliarne il fascino, dell'epopea criminale di Leone. Da una parte possiamo vedere un film la cui premessa \u00e8 posta alla fine: la visione che Noodles inizia ad avere nella fumeria d'oppio dove \u00e8 andato distrutto dal dolore e dai sensi di colpa e che, in uno stato di incoscienza, salta indietro e avanti nel tempo immaginando anche un epilogo in cui entrambi gli amici, sia lui che Max, hanno pagato lo scotto del loro tradimento. Dall'altra abbiamo davanti un'opera che ha fatto affermare ad alcuni che \"C'era una volta in America\" sia l'oggetto filmico pi\u00f9 vicino alla \"Reserche\" di Proust mai realizzato. In fondo l'ambiguit\u00e0 del sorriso di Noodles che riporta alla mente i misteri intorno alla \"Gioconda\" di Leonardo o al \"Ritratto d'ignoto marinaio\" di Antonello non pu\u00f2 avere un'univoca spiegazione: \u00e8 il sorriso di chi ha vissuto e di chi vivr\u00e0 ma anche un prolettico ammiccamento al pubblico che conosce gi\u00e0 il destino del povero Noodles, che pagher\u00e0 il suo essere Giusto (\"l'immagine cabalistica di Tzedek\", cfr. Gianfranco Massetti).\r\nNon v'\u00e8 dubbio che l'uso del tempo nella narrazione di \"C'era una volta in America\" costituisca non solo una delle invenzioni leoniane pi\u00f9 originali ma possa anche essere considerato il punto d'arrivo di una ricerca che era iniziata ben presto e che si protraeva sin da \"Per qualche dollaro in pi\u00f9\". Nel secondo capitolo della \"trilogia del dollaro\" la musica, quella del carillon, trasportava sia il torvo Colonnello che l'Indio interpretato da Volont\u00e8 (altro personaggio \"drogato\") al momento che li leg\u00f2 per sempre in un destino di morte. Il leitmotiv di \"C'era una volta in America\" \u00e8 consegnato all'armonica di Cockney: quelle poche note, nelle variazioni morriconiane, ci raccontano il tempo di un'innocenza perduta che fino a quel momento era solo giovanile incoscienza. Al contrario degli onirici flashback di \"Gi\u00f9 la testa!\", introdotti dal famoso brano \"Sean Sean\", il meccanismo di emersione dei ricordi va per continue associazione mentali e ridisegna la mappatura esistenziale del protagonista.\r\nIl momento che preannuncia il contrappasso che subir\u00e0 Noodles lo si pu\u00f2 individuare nella serata che Deborah gli concede: un sogno ingenuo che spezza quella flebile linea tra desiderio e possesso, tra amore e violenza, e che porter\u00e0 l'uomo a stuprare Deborah sui sedili del taxi. Le luci si spengono e l'obiettivo di Leone ritrae l'atto nella sua squallida violenza e il personaggio di De Niro in tutto la sua deprimente insoddisfazione per una possibilit\u00e0 per sempre sfumata. Il protagonista si ritrover\u00e0 a vivere senza amico (e doppio), senza la donna che ama, senza i soldi. Il disincanto di Leone si manifesta ancora pi\u00f9 marcatamente e il suo cinismo lascia spazio per la pi\u00f9 lirica elegia.\r\n\r\n\"C'era una volta in America\" si ricompone come noir della memoria, psicologicamente basato sull'opposizione dei caratteri e su atmosferici elementi che tendono allo \"svelamento\": si noti come Leone (aiutato dalla fotografia di Delli Colli) faccia fuoriuscire molto spesso i propri personaggi dagli angoli della strada, dalla nebbia, da sbuffi di fumo; persino nell'ultima immagine il volto di Noodles \u00e8 letteralmente velato da una tendina. In qualche modo lo sguardo viene ostacolato nel suo tentativo di sciogliere i nodi del racconto che, d'altra parte, svicola sempre rispetto alle soluzioni pi\u00f9 ovvie. La vendetta sembra essere la destinazione finale dell'anziano Noodles ma nel finale, quando decide di non riconoscere nel senatore Bailey l'invecchiato Max, rifiuta anche questa istanza. Si prova tenerezza per una scelta mitopoietica che raccoglie il senso ultimo della pellicola: egli preferisce la sua storia, alla realt\u00e0. E attraverso l'ultima grande battuta di Noodles, intravediamo Leone accomiatarsi dicendoci \"E' solo il mio modo di vedere le cose\".\r\n\r\n\"C'era una volta in America\" non fu solo un film complesso da elaborare e difficile da produrre ma a causa del suo intreccio anche la distribuzione comport\u00f2 alcune controversie. La produzione per l'uscita americana tagli\u00f2 le parti dedicate all'infanzia, mandando su tutte le furie il regista romano, e mont\u00f2 il film cronologicamente riducendone la durata a 139 minuti, rispetto alle tre ore e quaranta circa della presentazione cannense e della release europea. Il film al primo montaggio contava ben 10 ore (oggi si sarebbe fatta tranquillamente una serie televisiva) poi ridotte a 6 con l'idea, bocciata dalla produzione, di far uscire due capitoli. Dopodich\u00e8 Leone pass\u00f2 da un minutaggio di 269' a quello attuale di 220': \u00e8 notizia recente che l'edizione da quattro ore e mezza, recuperata dai figli di Leone, potrebbe essere proiettata a Venezia nel 2012. Sarebbe un modo meraviglioso per rituffarci nel mondo di Sergio Leone, respirare l'aria del quartiere ebraico in un affresco che scorre potente come un fiume in piena e, come i grandi racconti di una vita intera, ha le sue magnifiche reticenze e le sue digressioni, piccoli ruscelli della memoria che vanno a perdersi nel mare dell'esistenza.", "voto": 10, "genere": "sconosciuto", "pub_date": "2017-06-26T16:48:18Z", "rank": 73.68421052631578}}, {"model": "recensioni.recensione", "pk": 2, "fields": {"titolo": "Un altra rec", "autore": 1, "testo": "da sistemare eh s\u00ec", "voto": 1, "genere": "sconosciuto", "pub_date": "2017-06-30T10:14:04Z", "rank": 57.14285714285714}}, {"model": "recensioni.recensione", "pk": 3, "fields": {"titolo": "La 25\u00aa ora", "autore": 1, "testo": "Montgomery Brogan \u00e8 un pusher che conduce una vita agiata sulle rive dell'Hudson. Monty, per gli amici, ha deciso di ritirarsi dal narcotraffico e di vivere di rendita con la sua bellissima portoricana. Ma una soffiata lo condanna a scontare sette anni di carcere. Gli restano ventiquattro ore per riconciliarsi col padre, congedarsi dagli amici, un broker di Wall Street e un'insegnante di letteratura inglese, e decidere della sua 25a ora: la prigione, il suicidio, la fuga. Le ventiquattro ore di Monty, prima della galera, dei denti rotti e degli stupri, della violenza e del sadismo, della miseria e della paura, sono un'elegia che Spike Lee dedica al suo personaggio e alla sua personale New York.\r\nLiberamente interpretata come una metafora delle vicende newyorkesi, la storia di Monty in verit\u00e0 \u00e8 del tutto autonoma, nel senso che per ogni cittadino di New York la storia personale \u00e8 anche quella della citt\u00e0 e delle sue atmosfere. Non \u00e8 un caso che il romanzo di David Benioff, da cui il film \u00e8 tratto, sia stato scritto prima dell'undici settembre, mentre Lee decide di proiettare sul racconto il fascio oscuro della luce liberata dalla tragedia. Nessun altro film riesce ad essere viscerale come La 25a ora, dove la rappresentazione del dolore \u00e8 scoperta e ammirevolmente impudica. Spike Lee costruisce un tempo che si ripete uguale a se stesso per dilatare all'infinito le ore di Monty, le ore di New York prima dell'impatto fatale, prima di un'ora dopo la quale niente sar\u00e0 pi\u00f9 lo stesso e prima della quale tutto poteva essere ancora. In quella zona liminare in cui non sai dire se poi sia giorno o sia notte, in quella sospensione in cui Lee sorprende Monty e i suoi amici, in quella luce che \u00e8 aurora dentro un crepuscolo, il regista inserisce due sequenze strazianti: la rovina del volto, che Monty chiede di eseguire all'amico pur di non essere stuprato in carcere, e il lungo viaggio col padre, che assume il ruolo tradizionale dello storyteller irlandese, con il compito di tramandare le storie folkloriche della sua terra e rassicurare per il futuro.\r\nRibaltando l'assunto, il padre di Monty gli prospetta un futuro da fuggiasco e una vita ricominciata altrove, con un'altra identit\u00e0, mentre lo spettatore assiste al concretizzarsi di questo universo narrativo. Si tratta di quella che Lynch chiamerebbe \"fuga psicogena\", tanto intensa da materializzarsi. Ma Monty \u00e8 ancora l\u00ec e sta andando in prigione. E allora il film si rivolge a tutti coloro che hanno avuto una 24a ora - una forma di addio, di lutto, di separazione - e soprattutto a chi ha osato immaginarne una venticinquesima: l'espressione pi\u00f9 bella di una vita mancata.", "voto": 8, "genere": "sconosciuto", "pub_date": "2017-06-30T20:11:08Z", "rank": 96.29629629629629}}, {"model": "recensioni.recensione", "pk": 13, "fields": {"titolo": "rec prova", "autore": 1, "testo": "prova prova", "voto": 1, "genere": "sconosciuto", "pub_date": "2017-07-10T18:40:27.115Z", "rank": 50}}, {"model": "recensioni.recensione", "pk": 14, "fields": {"titolo": "Recensione NoTag", "autore": 1, "testo": "Solo una prova.", "voto": 1, "genere": "prova", "pub_date": "2017-07-11T14:48:40.571Z", "rank": 50}}, {"model": "recensioni.recensione", "pk": 15, "fields": {"titolo": "Mad Max - Fury Road", "autore": 3, "testo": "Se non ricordo male, fu Thomas Jefferson a dire che agli Americani servirebbe una rivoluzione ogni 50 anni. Purtroppo per lui, il buon vecchio Tommy non \u00e8 vissuto nell\u2019era in cui George Miller ci ha insegnato a guardare il futuro post-apocalittico al cinema, altrimenti con molta probabilit\u00e0, avrebbe concordato sul fatto che l\u2019umanit\u00e0 ha bisogno di un Mad Max ogni 30 anni.\r\n\r\nGi\u00e0, perch\u00e9 ridendo e scherzando, sono passati proprio 30 anni dall\u2019ultima apparizione di Massimino Pazzarello al cinema, era il 1985 quando siamo andati tutti oltre la sfera del Tuono.\r\nGeorge Miller, in realt\u00e0, non ha mai abbandonato il suo personaggio (il titolo \u201cFury Road\u201d \u00e8 in giro da moltissimi anni), nel frattempo il nostro Miller, per\u00f2, ha avuto successo (e Oscar) con film differenti, dedicati a future salsicce in gita in citt\u00e0 e a pinguini ballerini.\r\n\r\nMel Gibson in questi tre lustri ha dimostrato a tutti che l\u2019aggettivo \u201cMad\u201d sa davvero come sfoggiarlo e, anche per motivi squisitamente anagrafici, ha dovuto cedere giacca, doppietta e V8 ad un collega pi\u00f9 giovane. La prima foto in costume di Tom Hardy risale a parecchi anni fa, anni passati a curare i dettagli, in funzione di questo quarto capitolo della saga, anni in cui Max Rockatansky \u00e8 diventato l\u2019icona che tutti conosciamo. Io personalmente sono cresciuto con Mad Max, sono un po\u2019come uno dei bambini di \u201cOltre la sfera del tuono\u201d, la leggenda di Max \u00e8 stata tramandata di generazione in generazione, come quella del Capitano Walker, quindi questo nuovo capitolo, che si pone l\u2019obiettivo di rilanciare il personaggio, \u00e8 una cosa grossa, molto grossa\u2026 Sapete che vi dico? Forse il film non sarebbe stato cos\u00ec bello senza questa interminabile attesa.\r\n\r\n\r\n\"Tu! Catena! Sono trent'anni che aspetto di tornare in azione\".\r\nDi fatto, George Miller prende il meglio da tutti i film precedenti della saga. Dal primo capitolo riporta l\u2019attenzione sul tema della follia di Max, dal secondo prende sicuramente il mitico inseguimento finale (espandendolo fino all'eccesso ed oltre), mentre dal terzo film ritrova il gusto di delineare personaggi esagerati, fumettistici, ma comunque del tutto credibili come abitanti di un deserto Post-Apocalittico in cui sopravvive chi \u00e8 pi\u00f9 matto di tutti\u2026\r\n\r\n\r\n\"Tu che dici Tom? Ci metto qualche altra auto che si sfascia in duemila pezzi o una bella esplosione?\".\r\nConoscete l\u2019espressione \u201cMy cup of tea\u201d riferita a qualcosa che coincide perfettamente con i propri gusti personali? Ecco, siccome io sono un tipo un po\u2019pane e salame, uno da pizza mangiata a fette con i gomiti rigorosamente sul tavolo, mi trovo costretto ad adattare la frase di cui sopra per dirvi che, per quanto mi riguarda, \u201cMad Max: Fury Road\u201d \u00e8 proprio \u201cMy pint of Beer\u201d: in 120 minuti c\u2019\u00e8 tutto quello che mi piace vedere in un film\u2026\r\n\r\nLa trama \u00e8 quella che ti aspetti:\r\nritroviamo Max con la sua V8 e i capelli lunghi, la voce fuori capo (dello stesso protagonista) mette sullo stesso piano tutti gli spettatori, quelli che conoscono il personaggio dal 1979, quelli che con lui sono cresciuti, ma anche coloro che non ne hanno mai sentito parlare. Max si presenta come un ex poliziotto del futuro, divenuto successivamente un Road Warrior, ora vaga nel deserto, sopravvivendo, perseguitato da visioni (lisergiche) di tutti quelli che ha provato a proteggere e che non \u00e8 riuscito a salvare. A questo punto abbiamo tutto quello che ci serve sapere sul personaggio, quindi possiamo iniziare con il primo (adrenalinico, tiratissimo, esaltante) inseguimento. Siamo al minuto tre del film, ne dura in totale 120 di minuti, fatevi due conti voi\u2026\r\n\r\n\r\nAnche la lucertola a due teste \u00e8 felice di rivedere Max Rockatansky.\r\nIn tutta onest\u00e0 fino ai titoli di testa credo di non aver mai respirato. In un attimo Max passa da essere un personaggio molto simile a quello con cui sono cresciuto, ad essere uno schiavo tatuato, donatore di sangue involontario (detto \u201cSacca di sangue\u201d) con tanto di vistosa museruola sul viso. A questo punto Miller mette volontariamente da parte per un po\u2019il suo mitico protagonista e attraverso il suo punto di vista, legato e sballottato come un sacco di patate, ci sbatte fortissimo in faccia il nuovo \u201cMondo\u201d di questo film. Allacciatevi le cinture perch\u00e9 da questo punto in poi per un\u2019ora buona, il film non alza MAI il piede dall'acceleratore procedendo a tavoletta! (Yeah!)\r\n\r\nGeorge Miller ci ha dimostrato negli anni di essere un ossessivo compulsivo dei dettagli ed io gli voglio bene anche per questo, perch\u00e9 secondo me sono i dettagli a rendere belle le cose. Bene, \u201cMad Max Fury Road\u201d (per coerenza in Italia avrebbero dovuto intitolarlo \u201cInterceptor: Furiostrada\u201d\u2026) \u00e8 un'apoteosi di dettagli, guardare questo film \u00e8 come prepararsi una siringa ripiena di un concentrato puro al 100% di tutti gli episodi di \u201cKen il Guerriero\u201d (il fumetto/anime che deve pi\u00f9 di tutti qualcosa ai film di Miller), mescolato con un estratto dei film di Mad Max e poi iniettarsi il letale composto dritto nel bulbo oculare.\r\n\r\n\r\nLa vostra faccia, mentre guardate la prima mezz'ora di questo film...\r\nIl risultato \u00e8 qualcosa che vi lascer\u00e0 completamente storditi (o impazziti, fate voi) e solo quando sarete l\u00ec, con le pupille completamente dilatate, allora potrete godere, di ogni singolo fotogramma del film. S\u00ec, perch\u00e9 \u201cMassimino Pazzarello: Furiostrada\u201d \u00e8 esteticamente bellissimo, poi potreste prendere qualunque scena del film, stamparla con il plotter su carta fotografica e appendervela sulla parete del soggiorno di casa.\r\n\r\n\r\nProssimamente appeso nel soggiorno di casa mia.\r\nLa cura dei dettagli \u00e8 maniacale, lo schermo \u00e8 sempre strapieno di cose da guardare, dal mattissimo design delle automobili (letteralmente costruite mettendo insieme pezzi tanti altri mezzi a motore), fino alla realizzazione dei costumi. Durante la visione, specialmente nella prima mezz\u2019ora, mi sono sentito sopraffatto, sballottato di qua e di l\u00e0 dal film proprio come succede a Tom Hardy nella pellicola, mi sono detto: \"Mi ci vorranno tre o quattro visioni per cogliere tutti questi dettagli e considerato che il film \u00e8 fighissimo non mi va nemmeno cos\u00ec male\u2026\".\r\n\r\nPer dirvi del livello di dettaglio: Nux (Nicholas Hoult) si \u00e8 disegnato degli smile sulle masse tumorali che gli spuntano dal collo, oppure, cosa c\u2019\u00e8 di meglio del logo di una vecchia Mercedes, da utilizzare come mirino montato su una mitragliatrice? Ecco, il film raggiunge questo tipo di ossessione nella messa in scena visiva del futuro post-apocalittico. George Miller riprende il discorso da dove lo aveva abbandonato e crea altra iconografia, alzando ulteriormente l\u2019asticella del mostrare il futuro apocalittico al cinema.\r\n\r\n\r\nCiocchi fortissimi di automobili che si spatasciano elevati a forma d'arte.\r\nLa trama \u00e8 semplice, ma perfetta: Max si ritrova ancora una volta (controvoglia) ad aiutare delle persone in pericolo, ha un altro camion (la BLINDOCISTERNA\u2026 Yeah!) da portare a destinazione con il suo prezioso carico, di nuovo inseguito dagli uomini di un Super Cattivo. Immortal Joe si professa capo della sua comunit\u00e0 (come Master Blaster), ma anche incarnazione di un Dio da seguire con fedelt\u00e0 cieca e assoluta (come Lord Humungus) e per altro, \u00e8 interpretato da Hugh Keays-Byrne, ovvero lo stesso attore che nel primo film della saga, interpretava il folle capo della gang di motociclisti. Tra i due personaggi non esiste correlazione, ma idealmente \u00e8 come se Max, fosse ancora inseguito dai fantasmi che lo hanno reso \u201cMad Max\u201d creati da Miller sulle polverose strade dell\u2019Australia nel 1979\u2026 I fazzolettini per asciugarvi le lacrime sono laggi\u00f9, vicino alla macchinetta del caff\u00e8.\r\n\r\n\"Vi ricordate di Toecutter? ... Sono tornato!!\".\r\n\u201cMad Max: Fury Road\u201d \u00e8 un rilancio della saga, un po\u2019come gi\u00e0 accaduto per il secondo capitolo (godibilissimo anche senza aver visto il film del \u201979). I tre film precedenti sono stati una coerente evoluzione dell\u2019Apocalisse. Avevamo lasciato Max e soci in un futuro dove ormai la benzina era esaurita (sostituita dagli escrementi di maiale), in questo film invece, considerando il numero esorbitante di mezzi a motore in movimento, direi che la benzina \u00e8 di nuovo disponibile, ma George Miller non rinuncia comunque ad aggiungere un tassello a quell'Apocalisse futura cinematografica che ha di fatto inventato lui.\r\n\r\nSeguitemi nel mio (folle) ragionamento:\r\nse la razza umana, diciamo gli uomini via, per un camion pieno di benzina, sono disposti a lanciarsi in un selvaggio inseguimento, della durata di quasi 40 minuti, come quello visto in \u201cMad Max 2 - Il guerriero della strada\u201d, secondo voi, cosa potrebbe convincerli ad inseguirsi per un tempo totale di 120 minuti? Senza diventare volgare, please, diciamo solo che la risposta \u00e8 facile: le donne off course!\r\nHo come l'impressione che questo sia un grosso METAFORONE femminista...\r\nS\u00ec, perch\u00e9 Miller sembra idealmente andare da Luc Besson e dargli un coppino fortissimo a mano aperta sulla nuca, dicendogli \u201cFrancesino? Te lo faccio vedere io come si fa un mondo Post-Apocalittico al Cinema\u201d. Se in \u201cle dernier combat\u201d Besson (Ispirato da Mad Max) ci mostrava dei folli guerrieri in un futuro senza donne, Miller si riprende la paternit\u00e0 di tutta l\u2019operazione. Il bene pi\u00f9 prezioso per Immortal Joe sono le sue donne (\u201cQuanto vuoi per tue done?\u201d CIT.), ho trovato fantastico che in un film cos\u00ec \u201cMaschio\u201d, con un duro che parla poco come protagonista, strapieno di automobili che si sfasciano, mortiammazzamenti e un tipo di azione che di solito piace pi\u00f9 al pubblico maschile, ci sia cos\u00ec tanta attenzione ai personaggi femminili.\r\n\r\nL\u2019imperatrice Furiosa, interpretata da Charlize Theron, si divide lo spazio sulla locandina del film insieme a Mad Max, capisco anche perch\u00e9: di fatto lei e il protagonista sono quasi speculari, due disperati in cerca di redenzione, duri come chiodi da bara. Vi dico solo che il personaggio mi \u00e8 piaciuto cos\u00ec tanto, che sto spulciando le carte, per capire se la legge di uno strambo Paese a forma di scarpa, mi permetter\u00e0 un giorno di chiamare una mia ipotetica figlia \u201cFuriosa\u201d (Storia vera).\r\n\r\n\r\n\"Vieni tesoro di pap\u00e0, ora ti spiego come mai ti chiami Furiosa...\".\r\nIl volto dipinto, i capelli rasati (per recitare in \u201cA million way to die in the west\u201d Carlina Terrona ha dovuto indossare una parrucca perch\u00e9 non gli erano ancora ricresciuti), la protesi meccanica al braccio, Charlize Theron \u00e8 talmente brava, bella e cazzuta in questo film, da meritarsi il titolo di co-protagonista.\r\nHo scoperto di recente, con relativo senso di ribrezzo, che esiste un genere pornografico con le donne vittime di amputazioni, ora, non so come si chiami e non ci tengo nemmeno a scoprirlo, ma sono sicuro che dopo questo film, grazie a Charlize Theron questa tipologia di \u201cfilm\u201d (chiamiamoli cos\u00ec) avranno un Boom!\r\n\r\n\r\n\"Andateci piano ragazzi, le mani bioniche costano...\".\r\nVisto che ho aperto il vaso di Pandora del cast femminile (e devo farmi perdonare la battutaccia di poche righe fa, scusatemi, ve l'ho detto che sono un po\u2019grezzo\u2026), devo dire che le attrici scelte da George Miller sono una meglio dell\u2019altra. Sanno incarnare alla perfezione il loro personaggio, il pi\u00f9 delle volte ben riassunto nel nome, tipo la preferita di Immortal Joe, si chiama Splendid ed \u00e8 interpretata da Rosie Huntington-Whiteley. Mentre la pragmatica Capable ha il volto della bellissima Riley Keough. Invece, quella con la faccia incazzata del gruppo \u00e8 Zo\u00eb Kravitz, figlia del cantante Lenny Kravitz e dell'attrice Lisa Bonet. Ve la ricordate la figlia con le trecce de \u201cI Robinson\u201d? Ecco: \u00e8 lei.\r\n\r\nMiller tira dentro al cast anche una sua vecchia conoscenza. C\u2019\u00e8 stato un periodo in cui Giorgino avrebbe dovuto dirigere un film sulla Justice League of America (che sarebbe stato sicuramente migliore della baracconata di \u201cSuperman vs Batman\u201d di prossima uscita), per la parte di Wonder Woman, aveva scelto la compatriota Megan Gale. Proprio lei! Vecchia conoscenza degli abitanti di uno strambo Paese a forma di scarpa, in questo film Miller ha l\u2019occasione per regalarle qualche minuto in cui fa la \u201cWonder Woman\u201d, in maniera del tutto credibile. Megan Gale \u00e8 talmente azzeccata, sia quando fa l\u2019esca nuda, sia quando scalcia culi e stende cattivi, che vi verr\u00e0 voglia di cambiare il vostro operatore telefonico e tornare in Omnitel!\r\n\r\n\r\nUh uh i wanna touch the sky, i wanna fly so high...\r\nCome dicevo Miller ha preso il meglio dai tre film precedenti e dirige questo come uno che ha passato gli ultimi 30 anni aspettando di poter tornare a far sfrecciare auto nel deserto. Di fatto, il film prende l\u2019inseguimento finale di \u201cRoad Warrior\u201d e lo spinge al limite, mi sono anche chiesto se il trucco potesse reggere per tutta la durata del film, la risposta \u00e8: S\u00ec, cazzo se regge!\r\n\r\nPerch\u00e9 Miller, dimostrando di aver fatto sua la fighissima tag-line del film (the future belong to the mad) mette su una trama da vero folle, senza Spoiler (giuro!): la prima ora di film \u00e8 un enorme, grossissimo, gigantesco, fottutamente pazzesco inseguimento. Segue un momento in cui succedono delle cose e poi, l\u2019inseguimento ricomincia, ma questa volta\u2026 Tornando indietro! Un\u2019ora per fuggire in una direzione, un'altra ora per tornare indietro, seguendo il piano folle di Max.\r\n\r\nEcco, se i minuti finali di \u201cIl Guerriero della strada\u201d hanno per intere decadi influenzato tutto il modo di mostrare gli inseguimenti al Cinema, cosa volete che vi dica io di un \u201cMad Max: Fury Road\u201d? Qui il concetto stesso di auto che si inseguono nel deserto, viene elevato a forma di arte. Ho notato una sola scena realizzata in CG, quella in cui l\u2019auto cade in una trappola nascosta sotto la sabbia. Sicuramente ci sono anche altre scene realizzate in CG, ma il tutto \u00e8 diretto, montato e fotografato con un tale livello di maestria, che proprio non me ne sono accorto.\r\n\r\n\r\nCalifornia Love (2.0).\r\nLa qualit\u00e0 degli Stunt, molti dei quali reali, con vere auto che tirano dei ciocchi fortissimi contro altre vere automobili (YEAH!!) \u00e8 superlativo, non solo per la messa in scena, ma anche per il livello dell\u2019inventiva: non ci potevo credere quando ho visto i Warlords, appesi ai pali, \u201cmolleggiando\u201d in aria, come tanti pirati pronti ad abbordare le auto nemiche.\r\n\r\nMiglior scena romantica del 2015.\r\nNel 1979 Miller ha contribuito a cambiare per sempre il modo di mostrare gli inseguimenti di auto al Cinema, nel 1981 ha diretto LA SCENA capolavoro di questa specialit\u00e0 e nel 2015 ha preso tutto questo, lo ha portato ad un livello ancora superiore, ignorando completamente l\u2019utilizzo del pedale del freno, al pari dei personaggi nel film. Ora, io ritengo che un buon ritmo, tante volte serve a coprire tante pecche in un film, bene, il ritmo di \u201cMassimino Pazzarello: Furiostrada\u201d \u00e8 Indiavolato con brio, cercate una sala cinematografica con un impianto sonoro da TERREMOTO e andate a vedervelo, un giorno lo racconterete ai vostri bambini\u2026 Ma non azzardatevi a chiamare vostra figlia Furiosa, l\u2019ho detto per primo quindi pretendo questo primato!\r\n\r\n\r\n\"Te lo giuro Charlize, quel pazzo di Cassidy mi ha scritto per chiedermi se pu\u00f2 chiamare sua figlia Furiosa...\".\r\nPer altro, un enorme plauso anche alla favolosa colonna sonora del film, firmata da Junkie XL. Sembra fatta facendo suonare in maniera ordinata, lamiere delle macchine che si sfasciano, in un tripudio di distorsioni di chitarra e di sintetizzatore. Ad esempio, ora io ESIGO di vedere uno Spin-Off dedicato al personaggio con il look pi\u00f9 folle di tutto il film: il Chitarrista di guerra. S\u00ec, perch\u00e9 l\u2019automobile carica con i tamburi di guerra la posso ancora concepire, Immortal Joe guida le sue truppe in battaglia, quindi ci sta che si porti dietro dei tamburi di guerra, ma un chitarrista messo a motivare le truppe, \u00e8 qualcosa che poteva essere concepito solo da un folle!\r\n\r\n\r\n...Adesso invece voglio uno Spin-Off su di lui!\r\nNei Credits, troverete una lunghissima lista di nomi, sotto la voce \u201cComputer Graphics\u201d, ma troverete un elenco molto, ma molto pi\u00f9 lungo di persone, nelle voci \u201cStunt\u201d, \u201cCostume\u201d e \u201cProsthetic\u201d, perch\u00e9 \u201cFuriostrada\u201d \u00e8 un film che si affida molto ai costumi e all\u2019ottimo design, in questo senso \u00e8 davvero un film fatto alla vecchia maniera (my pint of beer). La cosa che mi ha sempre colpito di Miller, \u00e8 che in \u201cFury Road\u201d mi ha percosso con la forza di un pugno dato da Rictus Erectus (Il wrestler Australiano Nathan Jones, ebbene s\u00ec: anche in questo film c\u2019\u00e8 un culturista bruciato dal sole! Ormai marchio di fabbrica dei film di Miller) \u00e8 il fatto che ogni personaggio abbia un look che racconta la sua storia.\r\n\"Non ci vuole un fucile grande ma un grande FUCILE!\".\r\nNoi sappiamo bene tutti gli Step fatti dalla giacca di pelle di Max, quella giacca racconta la sua storia, allo stesso modo tutti i personaggi sembrano essere il frutto di esperienze passate. La signora dei semi che non sbaglia mai un colpo quando spara (avrei sempre voluto una nonna cos\u00ec!) \u00e8 vestita come una abituata ad appostarsi per sparare. Immortal Joe? Assistiamo alla sua vestizione, come se fosse un novello Darth Fener, il suo look serve a incutere timore nel cuore dei suoi nemici, ma anche a sottolineare la sua condizione di Semi Dio, infatti ho amato moltissimo il fatto che Miller (al pari di Lord Humungus) non ci abbia mai mostrato il suo viso.\r\n\r\nCose che succedono davvero laggi\u00f9 in Australia...\r\nA proposito di personaggi degni di uno Spin-Off, vi avevo gi\u00e0 raccontato che sono anni che sogno un film dedicato al ragazzino di \u201cBeyond Thunderdome\u201d quello truccato come un panda, con il pupazzetto di Bugs Bunny. Ecco, i Warlords di questo film sembrano tutti cugini fisicati di quel ragazzino. Ho amato moltissimo il modo in cui, attraverso questi folli invasati, Miller sia riuscito a dare (ancora) un po\u2019di Satira sui nostri tempi: ditemi cosa volete, ma un branco di toccati che si esalta all\u2019idea di morire in battaglia (\u201cAmmiratemi!\u201d) per raggiungere il Valhalla, mi sa tanto di METAFORONE satirico\u2026\r\n\r\nPer altro, il personaggio di Nux \u00e8 del tutto funzionale a introdurre allo spettatore i folli cattivi del film e i loro ancora pi\u00f9 folli costumi sociali (e di scena). Nicholas Hoult si aggirava gi\u00e0 per deserti apocalittici in Young Ones, ma qui si \u00e8 fatto decisamente perdonare per la sua partecipazione a quella fetecchia di film che risponde al titolo di \u201cWarm Bodies\u201d. L\u2019idea di renderlo protagonista di una piccola parentesi rosa, tra un'auto che esplode e un inseguimento, non mi ha disturbato. Ok, \u00e8 un passaggio di trama che sa un po\u2019di clich\u00e8, ma trovo comunque geniale aver sfregiato il belloccio di \u201cWarm Bodies\u201d regalandoci una disperata storia d\u2019amore, nata nel bel mezzo di un enorme casino. Un passaggio di film che secondo me serve a caratterizzare i personaggi dandogli spessore e, soprattutto, facendoci affezionare a loro.\r\n\r\n\r\n\"AMMIRATEMI! ... Mentre mi faccio perdonare per Warm Bodies\".\r\nIl meglio per la fine\u2026 Quello a cui vogliamo bene pi\u00f9 di tutti, ovvero Mad Max, in questo film come si comporta?\r\nA mio avviso alla grande, dimostra in un paio di occasioni di essere l\u2019anti-eroe che tutti ricordiamo (minaccia di far saltare il braccio a Nux con la doppietta e poi si frega la blindocisterna). Ma \u00e8 anche lo stesso eroe perseguitato dal suo passato, pronto ad aiutare gli altri (anche se costretto) con cui siamo cresciuti. Personalmente ho amato moltissimo i flash lisergici provenienti dal passato di Max, danno proprio la dimensione della sua follia e servono a caratterizzarlo.\r\n\r\nCome ho gi\u00e0 detto in precedenza parlando di Tommaso Resistente, l\u2019attore ha davvero la capacit\u00e0 di far percepire la follia sotto la pelle dei personaggi che interpreta, in questo film non ha mai un singolo momento in cui la sua pazzia esplode furiosa, sembra pi\u00f9 qualcosa si serpeggiante, che gli si pu\u00f2 leggere negli occhi. Inoltre, Tom Hardy ha il \u201cfisico di ruolo\u201d e il colore di occhi giusto per ereditare il personaggio di Mel Gibson.\r\n\r\n\r\n\"Non sar\u00e0 mica Mel Gibson quello laggi\u00f9 vero?\".\r\nLa cosa che mi ha fatto riflettere \u00e8 il modo in cui Max ritrovi se stesso, anche in mezzo al gran casino di auto sfasciate e folli assassini che \u00e8 \u201cFuriostrada\u201d. Ad inizio film \u00e8 nel pieno del Look alla Mad Max, in un attimo lo perde e si ritrova intrappolato dentro una museruola. Ci mette una mezz\u2019ora buona per liberarsene e ritornare ad indossare la giacca di pelle. Se volessimo fare della dietrologia spiccia, sembra quasi che per tutto il tempo Max cerci di ribadire se stesso: \u00e8 possessivo nei confronti dei suoi simboli, lo sentiamo urlare rabbioso \u201cQuella \u00e8 la mia giacca!\u201d, oppure \u201cQuella macchina \u00e8 mia!\u201d, ci mette un intero film, a pronunciare il suo nome e quando lo fa \u00e8 come se avesse ritrovato (in parte) la redenzione che cercava. Come se Tommaso Resistente (e noi spettatori insieme a lui) dovessimo ritrovare il nostro Mad Max, quello che si lancia in missioni suicide guidato dalla follia e dalla voglia di morire che \u00e8 sempre con lui. Ci sono due momenti in cui l\u2019ho davvero riconosciuto:\r\nl\u2019unico sorriso che Max/Hardy fa in tutto il film viene visto soltanto da un personaggio\u2026 Che dopo pochi minuti muore. Ditemi se questo non riassume Max pi\u00f9 di mille parole. Per altro, ora che ci penso, come spettatore ho visto anche io il sorriso di Max. Aspettate un attimo che faccio due scongiuri, tanto non mi potete vedere\u2026 Ok, fatto!\r\n\r\nL\u2019altro momento \u00e8 nel finale, non dico nulla, ma in una folla rivolta in una direzione, lui va in un'altra, riprendendo il suo (eterno) cammino, l\u2019eroe solitario, cavalca di nuovo verso il tramonto.\r\n\r\n\r\n\"Sto di nuovo guidando un camion sparando alla gente, pi\u00f9 le cose cambiano, pi\u00f9 restano sempre le stesse\".\r\nSfido chiunque ora a fare ironia su \u201cBabe\u201d ed \u201cHappy Feet\u201d, George Miller per quanto mi riguarda ha vinto tutto, firmando il film dell\u2019anno, sono pronto a scommetterci. La leggenda di Mad Max \u00e8 di nuovo pronta per essere raccontata ad un'altra generazione di pubblico pronta ad ascoltarla, s\u00ec, penso che Thomas Jefferson avrebbe concordato: abbiamo bisogno di grandissimi film come questo, l\u2019umanit\u00e0 ha bisogno di un Mad Max ogni 30 anni, perch\u00e9 abbiamo sempre bisogno di un altro eroe.\r\n\r\nBentornato Max, per\u00f2 cerchiamo di non farne passare altri 30 adesso, alla tenera et\u00e0 di 60 anni, ti seguir\u00f2 comunque, ma non so se riuscir\u00f2 a reggere \u2018sto ritmo indiavolato.\r\n\r\nWhat a lovely day!", "voto": 9, "genere": "Azione", "pub_date": "2017-07-31T10:49:32.619Z", "rank": 50}}, {"model": "recensioni.recensione", "pk": 16, "fields": {"titolo": "V per Vendetta", "autore": 5, "testo": "Remember, remember, the 5th of November\"... \u00c8 questo il monito di apertura di V for vendetta, ispirato all' omonimo fumetto di Alan Moore e David Lloyd.\r\nDiretto da James McTeigue, assistente alla regia di Lucas e dei fratelli Wachowski, il film si svolge in un'immaginaria Gran Bretagna del futuro, governata da un regime totalitario, a cui un misterioso uomo mascherato, mister V, dichiara guerra. Un anarchico radicale, desideroso di riportare libert\u00e0 e giustizia, in un paese in cui vigono ormai autoritarismo e intolleranza verso chiunque non aderisca al sistema. In nome della libert\u00e0, V riuscir\u00e0 a convincere la giovane e bella Evey - cui salva la vita ad inizio del racconto - a combattere al suo fianco. Scritto e prodotto dai registi di Matrix, V for vendetta \u00e8 un cocktail \"esplosivo\" che unisce effetti speciali ad un ritmo incalzante non privo di efficacia.\r\nCome pu\u00f2 accadere per i film tratti da opere letterarie, resta il dubbio che il testo di partenza sia stato interpretato pi\u00f9 o meno correttamente. Lasciamo agli esperti di fumetto l'ardua sentenza.", "voto": 6, "genere": "Azione", "pub_date": "2017-07-31T10:58:31.173Z", "rank": 50}}, {"model": "recensioni.recensione", "pk": 17, "fields": {"titolo": "Il cigno nero", "autore": 5, "testo": "Nina \u00e8 una ballerina del New York City Ballet che sogna il ruolo della vita e un amore che spezzi l'incantesimo di un'adolescenza mai finita. Incalzata da una madre frustrata, si sottopone a un allenamento estenuante sotto lo sguardo esigente di Thomas Leroy. Coreografo appassionato e deciso a farne una fulgida stella, Leroy le assegna la parte della protagonista nella sua versione rinnovata del \"Lago dei cigni\". Sul palcoscenico Nina sar\u00e0 Odette, principessa trasformata in cigno dal sortilegio del mago Rothbard, da cui potr\u00e0 scioglierla soltanto il giuramento di un eterno amore. Eterea e piena di grazia Nina incarna alla perfezione il candore del cigno bianco e con difficolt\u00e0 il suo doppio nero e tenebroso, che in una superba variazione inganner\u00e0 il suo principe e la voter\u00e0 al suicidio. La ricerca ossessiva del suo lato oscuro e della consapevolezza della propria sessualit\u00e0 la condurranno verso una tempesta emozionale e all'incontro con Lily, insidiosa rivale in nero. Dietro le quinte Nina si strugge e si predispone a 'doppiare' il suo cigno bianco.\r\nDue anni dopo l'incarnazione radicale trovata in The Wrestler e nel campione in disarmo di Mickey Rourke, il cinema di Darren Aronofsky mette in schermo una storia speculare. Fondato sullo stesso semplice \"teorema\", salire su un ring o sulle tavole del palcoscenico per esistere, Black Swan coglie questa volta la protagonista al debutto con la vita e nel ruolo della vita. Per essere, la Nina della Portman sar\u00e0 obbligata a prendere un ascensore per l'inferno e a battersi col suo doppio fino a contemplarlo e a raggiungere con lui la perfezione. In aiuto del regista newyorkese interviene il balletto per antonomasia, un classico del teatro di danza, sintesi perfetta di composizione coreografica e lunare poesia tardo romantica, di chiarezza formale e inquietanti simboli psicoanalitici, che contrappone un cigno bianco (Odette) a un cigno nero (Odile) tra arabesque e attitude, tra fremiti nervosi di braccia e straordinari movimenti del corpo. E proprio tale prospettiva presta il fianco ad avvitamenti mentali, fluttuazioni interiori e metamorfosi corporali che mancano il segno, ostentando le smisurate ambizioni filosofiche dell'autore.\r\nI rapporti spaziali-geometrici tra i protagonisti e l'architettura viva e in movimento creata dal Corpo di Ballo, perfetta rifrazione e moltiplicazione di Odette, ispirano Black Swan e fondano la sua storia senza limiti e confini di genere. Dramma, m\u00e9lo, thriller e horror si combinano sullo spazio scenico (ri)creato da Aronofsky e diviso in poli d'attrazione positivi e negativi che si annullano al centro nel momento dell'estasi amorosa di Odette e del suo principe, di Nina e del suo coreografo.\r\nAnche questa volta il regista mette al centro della scena un corpo, una donna alle prese con l'altro da s\u00e9, ossessione e oggetto di venerazione con cui cercare una possibile integrazione. Ma se a Mickey Rourke, saturo di carne e livido di pugni in faccia, \u00e8 riuscita l'impresa del volo sul nero dell'epilogo, Natalie Portman fallisce la parabola e la verit\u00e0 del corpo, ricalcando la gestualit\u00e0 cignesca e crollando a terra.", "voto": 7, "genere": "Thriller", "pub_date": "2017-07-31T11:01:15.777Z", "rank": 50}}, {"model": "recensioni.recensione", "pk": 18, "fields": {"titolo": "Il labirinto del fauno", "autore": 5, "testo": "Nel 1944, anno che cronologicamente si colloca all'interno di una delle decadi pi\u00f9 drammatiche nella storia dell'uomo, in Spagna il franchismo aveva vinto la Guerra Civile. Al regime che si stava instaurando e faceva tabula rasa, erano sopravvissuti solo pochi, attivi gruppi della Resistenza. Questi nemici del regime si nascondevano tra i boschi e dai loro nascondigli preparavano l'offensiva. Storicamente sappiamo che non ce la fecero, in quanto il regime franchista da l\u00ec al 1975 perdur\u00f2 segnando una delle pi\u00f9 lunghe dittature nella storia della Spagna contemporanea.\r\n\r\nIn questo preciso contesto storico si colloca anche la vicenda de \"Il Labirinto del Fauno\", film fantasy almeno nella forma e nella costruzione \"grammaticale\" cinematografica. Ofelia, figlia di una vedova promessa in sposa a un illustre membro dell'entourage di Franco, mentre si trova presso il quartier generale di questi, entra in contatto con un mondo fantastico nascosto tra i boschi. Ben presto la bimba scopre di essere nientemeno che la Principessa di quel mondo fatato del quale, per\u00f2, non ha pi\u00f9 memoria.\r\nPerch\u00e9 \u00e8 fondamentale contestualizzare storicamente la pellicola di Del Toro? Sostanzialmente perch\u00e9, nella sua essenza, trascende il genere cinematografico e racconta pi\u00f9 di quanto si possa pensare sul franchismo, sulla guerra e sull'essere umano in genere. Guillermo Del Toro, non nuovo a questo tipo d'esperienza filmica - ne aveva gi\u00e0 abbozzato i tratti nel precedente \"La spina del diavolo\" - prova un senso di \"necessit\u00e0\" nel raccontare gli orrori del franchismo. Il modo che sceglie per farlo \u00e8 suo personale e sfrutta il canovaccio del racconto fiabesco. Il regista messicano si appropria della cultura popolare, della favola di \"Alice nel Paese delle Meraviglie\" - la protagonista in una scena \u00e8 vestita esattamente come lei, con il colore verde al posto dell'azzurro -, della mitologia greca - il mito di Demetra e Persefone -, dei racconti di paura per bambini e li applica, plasmandoli, alla storia che pi\u00f9 gli interessa raccontare: la caccia alla Resistenza da parte del franchismo vista con gli occhi di una bimba.\r\n\r\nNon si fraintenda: se da un punto di vista tecnico risulta chiaro che il film segue due linee parallele, la \"parte reale\" (con il generale franchista, la guerra, le violenze) e la \"parte fantastica\" (con il Fauno, altre creature strane e bizzarre e le immancabili \"fatine\"), a parere di chi scrive le due storie non sono affatto separate e la seconda \u00e8 assoluta conseguenza della prima. Invece di fare un documentario sul franchismo - cosa che sarebbe risultata pi\u00f9 semplice - Del Toro preferisce amalgamare vero e fantastico, sviluppare idee, stimoli visuali, legandoli alla tremenda drammaticit\u00e0 della vicenda \"reale\" e creando cos\u00ec qualcosa di maggiormente concettuale, di pi\u00f9 simbolico. Il risultato complessivo \u00e8 un film dove l'aspetto umano \u00e8 predominante, anche e soprattutto nella \"parte fantastica\" della vicenda - a dimostrazione di ci\u00f2 si veda la scena in cui il Fauno consiglia alla bimba un metodo per aiutare suo fratello, prossimo nascituro, a recuperare le forze in modo tale da non mettere a repentaglio la vita della madre -. Il \"lato fantastico\" insomma non \u00e8 altro che una fuga necessaria dalla violenza (da parte della bimba ma anche del regista stesso), o una ri-visione in chiave pi\u00f9 onirica del dramma che l'essere umano ha perpetuato con le guerre e gli immancabili orrori che le hanno contraddistinte. Non \u00e8 un film \"doppio\", non si tratta di voler raccontare due cose contemporaneamente e trovare, abilmente, il modo di farle coincidere. Si tratta di trovare un modo, diverso e paradossalmente pi\u00f9 intenso e drammatico, per descrivere il senso di mortale impotenza di fronte alla sete di potere delle dittature.\r\n\r\nPer fugare ogni dubbio, per sapere se ho ragione o mi sbaglio del tutto, guardatelo.", "voto": 8, "genere": "Fantasy", "pub_date": "2017-07-31T11:04:02.495Z", "rank": 50}}, {"model": "recensioni.recensione", "pk": 19, "fields": {"titolo": "The Hateful Eight", "autore": 1, "testo": "Chiss\u00e0 se la maledizione che accompagna ormai da oltre vent'anni il cinema di Quentin Tarantino si ripeter\u00e0 anche stavolta. Chiss\u00e0 se frotte di detrattori giocheranno nuovamente a dare la caccia alla citazione nascosta, all'omaggio nell'omaggio, se si limiteranno per l'ennesima occasione a uno sguardo superficiale dell'opera nel suo complesso e la bolleranno come un nuovo esempio di postmodernismo metalinguistico, geniale quanto si vuole, ma che comunque rimastica cinema gi\u00e0 visto, gi\u00e0 proiettato, gi\u00e0 metabolizzato.\r\n\r\nEppure, la svolta iniziata con \"Bastardi senza gloria\" avrebbe dovuto far intuire anche i pi\u00f9 scettici che l'arte di Tarantino stesse mutando, esattamente come in trasformazione erano i suoi personaggi portati sullo schermo. Per la verit\u00e0, la vera novit\u00e0 \u00e8 che c'\u00e8 una nuova protagonista nelle pellicole del cineasta statunitense, una new entry che porta a effetti esplosivi l'entrata in contatto con lo stile e i gusti del regista di \"Pulp Fiction\". La Storia, infatti, \u00e8 diventata quasi un'ossessione maniacale di Tarantino: prima la Seconda guerra mondiale, poi l'epopea della schiavit\u00f9, ora la Guerra di Secessione. Ogni volta gli eventi storici vengono messi in scena da una parte con una perizia stupefacente e dall'altra con un istinto di libert\u00e0 espressiva annichilente: solo Tarantino pu\u00f2 piegare i fatti realmente accaduti ai suoi bisogni di artista, solo lui pu\u00f2 decidere su una sceneggiatura cinematografica di riscrivere la Storia dei vincitori e dei vinti. In \"The Hateful Eight\" il discorso iniziato con \"Bastardi senza gloria\" e proseguito con \"Django Unchained\" si fa totalizzante: se prima gli avvenimenti erano un quadro dentro cui l'autore disegnava la sua opera, riempiendola di personaggi fittizi che aveva incollato dal suo consolidato immaginario, ma che si trovavano a dover interagire in un contesto stranamente reale e per noi familiare, adesso gli avvenimenti sono parte del dipinto, abbandonano la cornice per farsi essi stessi contenuto del piano generale.\r\n\r\n\"The Hateful Eight\" \u00e8 il film meno tipico del cinema di Tarantino, la sorpresa pi\u00f9 incredibile che il cineasta nativo di Knoxville ha saputo creare finora: non \u00e8 solo e non pi\u00f9 mero esperimento cinematografico, non \u00e8 pi\u00f9 valido il discorso di un tempo secondo cui la sua grandezza stesse nell'abilit\u00e0 senza pari di creare un universo \"parallelo\" capace di autoalimentarsi e in cui il cinema non fosse solo un mezzo espressivo ma materia stessa di cui nutrirsi e per cui vivere. No, ora tutto ci\u00f2 \u00e8 fin troppo limitante. I personaggi, il loro passato, pi\u00f9 raccontato che mostrato nei consueti flashback tarantiniani, la loro dialettica, tutto \u00e8 pienamente ancorato a un retroterra storico, politico, sociale. La collocazione nella vicenda \u00e8 problematica, profondamente pensata. Il maggiore afroamericano della cavalleria, il cacciatore di taglia che per rispetto del boia e della giustizia non uccide le sue prede ma le porta vive fino alla forca, lo sceriffo con un passato da dissidente sudista, l'ex-confederato lacerato dalla perdita del figlio in circostanze oscure, il mandriano silenzioso che racconta di investimenti economici ambiziosi e rischiosi, il boia in viaggio verso il patibolo dove andr\u00e0 ad espletare la sua missione, il messicano a guardia dell'emporio, vittima delle maldicenze e delle ironie per la sua rozzezza e la sua provenienza geografica. Gi\u00e0 a fare questo elenco viene il dubbio che sia in effetti, \"The Hateful Eight\", il nuovo parto creativo dell'autore de \"Le iene\". Citiamo il titolo d'esordio non a caso: \u00e8 chiaramente il film pi\u00f9 simile per struttura narrativa e caratteristiche di messa in scena.\r\n\r\nAnche l\u00ec, come ora, c'era un gruppo di uomini loschi e senza legge, anche in quel caso i protagonisti si trovavano di fronte a un regolamento di conti in uno spazio costretto e angusto. Ma il capannone dove i cani da rapina si diedero appuntamento per stabilire chi avesse tradito la banda era solo un pretesto: al giovane Tarantino interessava indagare i meccanismi del noir, le possibilit\u00e0 di incastro che la sceneggiatura gli forniva, quel Tarantino aveva una vera fissazione per il concetto di tempo cinematografico in rapporto a quello reale e la sua macchina da presa si concedeva il lusso di farne l'uso che voleva, piegandolo e plasmandolo a piacimento del suo autore. Stavolta questi piacevoli divertimenti sono messi da parte: il meccanismo del western non \u00e8 solo uno sfrontato omaggio, un modello preso in prestito per trangugiarlo con ingordigia e risputarlo in versione \"tarantiniana\". Stavolta il genere \u00e8, pur nell'assurdit\u00e0 della location, in una condizione di purezza, di originalit\u00e0.\r\n\r\nSi diceva in apertura del gioco \"scopri le citazioni\". Mai come in \"The Hateful Eight\" si riveler\u00e0 un esercizio ludico superfluo e inutile: certo, c'\u00e8 John Carpenter, c'\u00e8 Howard Hawks, c'\u00e8 Sam Peckinpah, c'\u00e8 Sergio Leone, c'\u00e8 John Ford, c'\u00e8 Samuel Fuller. Ma alla fine nulla prevale sul resto, pi\u00f9 che citazioni o omaggi sono solo prodotti naturali di una concezione del cinema frutto di anni e anni di visioni bulimiche. Ma alla resa dei conti c'\u00e8 solo il cinema di Tarantino, un'arte che \u00e8 andata stabilizzandosi negli anni e di pellicola in pellicola, di capolavoro in capolavoro. Il suo cinema non somiglia a nessun altro, non perch\u00e9 ruba a piene mani dai maestri del passato, ma perch\u00e9 questi furti bonari hanno creato una realt\u00e0 espressiva inimitabile e matura. Certo, ci sono sempre i fitti e fluviali dialoghi, c'\u00e8 sempre il cartoonesco uso del gore che sdrammatizza di molto la violenza della tensione nell'emporio. Ma sono vezzi cui Tarantino non vuole rinunciare, niente di pi\u00f9. Il resto \u00e8 lasciato a una messa in scena da Maestro vero, sequenza dopo sequenza, saggio di genialit\u00e0 dopo saggio di genialit\u00e0. Le scene madri, di cui sentiremo parlare anche tra un decennio si sprecano: dall'incipit naturalista esaltato dal formato 70mm fortemente voluto dal feticista Tarantino all'ingresso del maggiore Warren (Samuel L. Jackson) nell'emporio, dall'interpretazione canora della prigioniera Daisy (Jennifer Jason Leigh nel ruolo della vita) all'incontro-scontro tra il confederato interpretato da Bruce Dern e il gi\u00e0 citato maggiore Warren (momento a partire dal quale sale in cattedra un mostruoso Jackson in versione Jules Winnfield).  \r\n\r\nE come dovremmo poi motivare la scelta cui accennavamo del formato 70 mm? Un capriccio? Uno sfizio da togliersi? O forse una ricerca delle origini? Certo, pensare che Tarantino vada a ripescare il glorioso Panavision che veniva utilizzato, fra l'altro ad altissimi costi di produzione, per esaltare la maestosit\u00e0 dell'immagine dei kolossal per un film girato quasi completamente in interni, appare forse una provocazione. Non lo \u00e8 se si guarda al percorso di maturazione di quello che resta il regista americano pi\u00f9 importante degli ultimi 25 anni: un percorso di riappropriazione del proprio posto nella Settima arte. \u00c8 lo stesso Tarantino a dircelo. Il suo saggio pi\u00f9 sorprendentemente politico, in cui la Storia entra con tutto il suo dolore, il suo carico di morte, violenza, sangue, vigliaccheria e immoralit\u00e0, \u00e8 un film-capitale nella presa di coscienza da parte del cinema delle vere radici dell'America contemporanea. Le riflessioni dei protagonisti, tra una sparatoria al ralenti e una testa che esplode come in un horror di David Cronenberg, sono, nel loro insieme, l'affermazione di una nuova consapevolezza da parte del cineasta che le ha partorite. Non \u00e8 pi\u00f9 tempo di giocare e imitare i modelli del passato, non \u00e8 pi\u00f9 l'ora di riplasmare il cinema che pi\u00f9 si \u00e8 amato: no, \u00e8 giunto il tempo di sfidarlo quel passato e affermare senza timore: \"Il pi\u00f9 grande di tutti sono io\".", "voto": 10, "genere": "Western", "pub_date": "2017-07-31T11:12:51.035Z", "rank": 50}}, {"model": "recensioni.recensione", "pk": 20, "fields": {"titolo": "Attacco al potere - Olympus Has Fallen", "autore": 6, "testo": "C'era una volta un giovane regista afroamerticano che che faceva il suo pirotecnico ingresso alla porta di Hollywood con un thriller duro e corrotto sino al midollo. \"Training Day\" oltre ad assicurarsi positivi riconoscimenti, apr\u00ec le porte ad Antoine Fuqua, autore di un cinema violento ed deflagrante, figlio dell'autorialit\u00e0 di Michael Mann. Come dimostrava anche \"Bait\", tutto incentrato sulla sofisticata evoluzione hi-tech nel thriller cinematografico (quasi trent'anni dopo Francis Ford Coppola). Purtroppo per Fuqua, fortuna e virt\u00f9 non hanno inciso pi\u00f9 di tanto nella carriera del regista nell'arco dell'ultimo decennio. Dopo clamorosi flop (\"King Arthur\") e mediocri pellicole di impronta bellica e militare (\"L'ultima alba\", \"Shooter\"), possiamo dire che oggi Fuqua \u00e8 senz'altro uno di quegli investimenti miseramente falliti da parte dell'industria cinematografica d'oltreoceano.\r\n\r\nE nel momento del riscatto ecco che questo \"Olympus Has Fallen\" si rivela forse il suo film pi\u00f9 scandaloso. In un periodo delicato come quello che sta vivendo quotidianamente gli Stati Uniti, come dimostrano le continue minacce di attacchi nucleari a opera dei nordcoreani, il nuovo film di Fuqua \u00e8 portatore (in)volontario di un odio e di un patriottismo che si dispiegano in un razzismo \"griffithiano\" patetico e quanto meno superato. Una dichiarazione d'amore al proprio paese palesemente falsa e senza sentimento, che agisce da (pessimo) contraltare all'impegnativo e autentico sguardo della Bigelow sulla nazione americana post undici settembre.\r\n\r\nTra scenari fantapolitici dichiaratamente nichilisti e votati al \"videogame\" computerizzato (80 milioni di badget) e l'ironia becera di un soldato solo contro tutti (\"i miei uomini sono i pi\u00f9 cazzuti del mondo\" sentenzia appagato il generale delle forze armate americane), il film fa incetta di clich\u00e9 del genere poich\u00e9 essenzialmente privo di sceneggiatura, ed \u00e8 affossato definitivamente dalla superficialit\u00e0 (a tratti infantile) dei dialoghi, che spaziano dal celeberrimo \"resisti!\" o \"tieni duro!\" sino allo slapstick involontario dell'ultima, stracitata, dichiarazione: \"Dio benedica gli Stati Uniti d'America\". Cos\u00ec in un atto eroico trionfante, l'imbattibile soldato vendica la bandiera ridotta a brandelli a inizio film e porta a termine quella che \u00e8 la sua missione: salvare il \"candelotto\" (il figlio del Presidente) e conficcare il suo pugnale nel cervello del pazzo terrorista. Perch\u00e9 \"la nostra nazione \u00e8 pi\u00f9 forte quando viene messa alla prova\". Peccato che il discorso conclusivo in cui si allude all' \"esempio\" e all' \"integrit\u00e0\" centri poco con quanto appena visto sullo schermo.\r\n\r\nL'olimpo caduto \u00e8 quello di Fuqua, del suo sanguinoso patriottismo e di una pellicola che ha pochissimi punti in comune con il cinema. Quello vero.", "voto": 4, "genere": "Azione", "pub_date": "2017-07-31T17:11:46.520Z", "rank": 57.14285714285714}}, {"model": "recensioni.recensione", "pk": 21, "fields": {"titolo": "Now You See Me 2 - I maghi del crimine", "autore": 7, "testo": "Gi\u00e0 il primo capitolo della saga dei Quattro Cavalieri era focalizzato sul concetto di vendetta, non solamente in quanto pretesto per lo svolgimento di quasi tutte le vicende principali del film ma poich\u00e9 faceva capolino anche fra le presunte motivazione giustizialiste dei protagonisti ai danni di banche, assicuratori, detrattori dell'illusionismo, etc... Se \"Now You See Me\" ammantava la vendetta di giustizia per giustificare le discutibilissime azioni dei Quattro (pi\u00f9 uno), il film di Chu moltiplica le vendette in atto a dimostrazione di come esse siano difficilmente una via positiva all'ottenimento di un qualche equilibrio ma mirino piuttosto a soddisfare colui che la persegue. Similmente coloro che non hanno la vendetta al primo posto fra le proprie motivazioni agiscono per rivalit\u00e0 o brama di emergere, rendendo \"Now You See Me 2\" un vero e proprio campo di battaglia, i cui contendenti mutano e aumentano incessantemente.\r\n\r\nCoerentemente con questo approccio del nuovo regista (e del fondamentale Ed Solomon, autore gi\u00e0 dello script precedente) l'illusionismo e il disvelamento di trucchi hanno un ruolo ben minore in questa pellicola, la quel invece opta per copiose scene d'azione, anche moderatamente violente, arricchite per\u00f2 dall'indubbio talento nel coordinarle di Jon M. Chu, d'altronde coreografo in passato e autore di due capitoli della saga di \"Step Up\". Probabilmente dal medesimo modello derivano le varie ed alterne canzoni pop/dance che infestano la colonna sonora, spesso valicando il limite del kitsch. Queste caratteristiche, assieme ad un sistema di personaggi e avvenimenti complesso come in alcuni dei recenti film di \"James Bond\", finiscono per rendere \"Now You See Me 2\" molto pi\u00f9 simile ad un qualunque film action con elementi comici, arricchito da una patina di esotismo (?) che da sempre \u00e8 imprescindibile per un film del genere.\r\n\r\nPerci\u00f2 fra colpi di scena (alcuni a dir poco telefonati, altri meno), discrete interpretazioni delle numerose star impegnate sul set (Harrelson interessante nel doppio ruolo, Radcliffe sorprendentemente credibile, Lizzy Caplan troppo concentrata sul lato comico per avere il medesimo charme di Isla Fisher), famigerati momenti didascalici e alcuni bei (e sempre pi\u00f9 inverosimili) trucchi il film scivola verso il proprio epilogo con la aurea mediocritas di buona parte delle pellicole del genere. Lasciando per\u00f2 qualcosa di non spiegato ben in evidenza. Ed \u00e8 nel chiudersi della vicenda che il film di Chu dimostra di non essere solo un revenge movie nella veste di commedia spionistica e turistica ma un'opera che al di l\u00e0 degli indiscutibili (e prevedibilissimi) difetti supera il predecessore e al netto di un ruolo secondario dell'illusionismo nel suo svolgersi diviene esso stesso un trucco.\r\n\r\nDifatti la sequenza di presentazione con la voce narrante di Morgan Freeman viene ripetuta nella conclusione, sottolineando l'ambiguit\u00e0 del tono che essa, apparentemente minacciosa, aveva fatto attribuire a tutto lo sviluppo della trama, aiutando lo spettatore a comprendere quanto poco valore abbia effettivamente la vendetta nel film e come le varie dichiarazioni al riguardo di questa e taluni snodi della trama (ma anche le dichiarazioni populiste del finale che ricalcano quelle del predecessore) non fossero altro che esempio di misdirection ai danni dello spettatore. Pertanto laddove \"Now You See Me 2\" appare pi\u00f9 superficiale rispetto al precedente capitolo nella riflessione sulla visione e la soggettivit\u00e0 di essa si rivela in realt\u00e0 pi\u00f9 finemente congegnato e riesce a mutarsi esso stesso in un prestigio, mentre quello rimaneva solamente un film sul prestigio. Da questo punto di vista la pi\u00f9 insistita attenzione sull'azione, sull'attorcigliarsi della fabula e sul moltiplicarsi dei vari personaggi principali si dimostra appunto un trucco per ingannare lo spettatore, lasciando per\u00f2 ben in vista vari dispositivi apparentemente incoerenti con il senso dell'opera, i quali rendono, come in ogni trucco che si rispetti, palese la natura di questo, proprio mentre ne favoriscono l'occultamento. Se come ricordava nel capolavoro nolaniano Michael Caine (nuovamente presente in questa pellicola) ogni trucco \u00e8 composto da tre atti e il secondo \u00e8 \"la svolta\" si pu\u00f2 convenire che rispetto al pi\u00f9 piano \"Now You See Me\" il film di Chu sia effettivamente un colpo di scena all'interno di una saga apparentemente superficiale e solo ludica. C'\u00e8 solo da sperare che il gi\u00e0 annunciato terzo capitolo sia effettivamente \"il Prestigio\".", "voto": 6, "genere": "Commedia", "pub_date": "2017-07-31T18:14:36.359Z", "rank": 28.57142857142857}}, {"model": "recensioni.recensione", "pk": 22, "fields": {"titolo": "Lo chiamavano Jeeg Robot", "autore": 7, "testo": "Trovare qualcosa di positivo nella crisi che attanaglia il paese pu\u00f2 sembrare irriguardoso nei confronti delle persone che ne stanno pagando il prezzo pi\u00f9 alto. E' pur vero per\u00f2 che la storia ci ha insegnato di come il progresso e il miglioramento della specie siano stati spesso il frutto di situazioni traumatiche e rivoluzionarie, capaci anche in maniera violenta di mettere in discussione le regole dello status quo che le avevano precedute. Alla pari delle altre istituzioni, anche il cinema non \u00e8 esente da scossoni e prova a reagire come pu\u00f2 alla mancanza di fiducia nelle sorti del paese. Gabriele Mainetti, per esempio, lo fa da par suo affidandosi a un pool di semi-esordienti che comprende tra gli altri Menotti e Simone Guaglione, co-autori della sceneggiatura che ha dato vita alla storia di Enzo Ceccotti (un ottimo Claudio Santamaria), pregiudicato di borgata che il contatto con una sostanza misteriosa trasforma in una specie di supereroe. Trattandosi di un film girato in Italia e ambientato per lo pi\u00f9 nell'area di Tor Bella Monaca, borgata romana al centro delle cronache per episodi collegati all'instabilit\u00e0 del sua mescolanza sociale, il progetto di  \"Lo chiamavano Jeeg Robot\" risultava fin dall'inizio tanto originale quanto coraggioso.\r\n\r\nA renderlo tale \u00e8 innanzitutto l'idiosincrasia dei produttori italiani, abituati a considerare la fantascienza come un brand ad uso esclusivo del cinema americano e quindi per antonomasia restii a investire i propri soldi in film destinati a diventare, secondo il loro punto di vista, parenti poveri dei grandi blockbuster americani. Secondariamente, circoscrivendo il campo alla genesi del film in questione, la decisione di Mainetti di confrontarsi con i colleghi americani nel rispetto dei codici del genere, ma senza la deferenza che ci si sarebbe potuti aspettare da un esordiente, si fonda sulla scelta di argomentare in modo personale intorno a una cultura che mette a sistema l'immaginario pop sul tipo di quello cosiddetto low brow, rintracciabile in alcuni film di recente produzione (\"La solita commedia - Inferno\" e \"Italiano medio\"), con specificit\u00e0 linguistiche (l'uso del dialetto romano) e di costume profondamente connaturate con la specificit\u00e0 del territorio in cui la storia si svolge.\r\n\r\nCos\u00ec facendo, \"Lo chiamavano Jeeg Robot\" lavora allo stesso tempo in due direzioni: da una parte, si preoccupa di mantenere fede ai capisaldi del genere di riferimento, costruendo la mitologia del suo eroe attraverso le fasi classiche che contraddistinguono la scoperta e la presa di coscienza dei super-poteri, incentrate quest'ultime, per la maggior parte sulle difficolt\u00e0 del protagonista di adattarsi al cambiamenti e alle responsabilit\u00e0 che da questi poteri derivano; dall'altra, ponendosi in antitesi nei confronti delle certezze tipiche dei prodotti americani, traditi, per cosi dire, dal campionario di personaggi e di situazioni che fanno da contraltare al perfezionismo espressivo e iconografico che solitamente si accompagna a questo tipo di storie. Una scelta secondo noi vincente, perch\u00e9 \u00e8 difficile rimanere insensibili sotto il profilo del divertimento e della partecipazione alle continue commistioni di generi, culture e specialit\u00e0 artistiche che, a partire dal recupero del repertorio musicale anni Ottanta (su tutto, la hit di Anna Oxa \"Un'emozione da poco\" reinterpretata dal personaggio di Luca Marinelli) e di una star della canzone  \"popolare ed eclettica\" come Renato Zero, finiscono per caratterizzare l'aspetto visivo, centrato sui continui riferimenti al manga giapponese che d\u00e0 il titolo al film.\r\nE, per non parlare poi, dei rimandi a quel tipo di commedia italiana che amava raccontarsi attraverso le maschere di un'umanit\u00e0 mostruosa e ferale, qui capitanata dal cattivo (Lo zingaro) interpretato dal nuovo zelig del nostro cinema Luca Marinelli, impegnato in una versione trash del Brian Ferry dei Roxy Music, \"Lo chiamavano Jeeg Robot\" pu\u00f2 contare inoltre anche sullo stupore sensuale e smarrito di Ilenia Pastorelli (un altro volto nuovo) nella parte della ragazza interrotta (Alessia) di cui Enzo si innamora e che lo aiuter\u00e0 a trovare la sua strada.\r\n\r\nBlindato da una sceneggiatura pressoch\u00e9 perfetta, \"Jeeg Robot\" \u00e8 talmente diverso da quello che il cinema ci ha abituato a vedere che solo per quello andrebbe premiato dalla scelta del pubblico.", "voto": 8, "genere": "Drammatico", "pub_date": "2017-07-31T18:18:04.622Z", "rank": 100.0}}, {"model": "recensioni.recensione", "pk": 23, "fields": {"titolo": "Mine", "autore": 7, "testo": "Che la nuova generazione di cineasti italiani stia tentando di catalizzare le attenzioni su di s\u00e9 seguendo i modelli a stelle e strisce, riplasmandosi secondo le meccaniche di genere d'oltreoceano e abbandonando sempre pi\u00f9 (o per lo meno tentando di camuffare) le vanziniane pagliacciate di infimo gusto nonch\u00e9 quel ruffianesco impegno sociale che, fatte le doverose eccezioni (Gianfranco Rosi \u00e8 il primo esempio che sorge alla mente) risulta spesso di una superficialit\u00e0 caricaturale: tutto ci\u00f2, dicevamo, \u00e8 fuori dubbio.\r\nSe rinunciare a un pizzico di creativit\u00e0 autoctona per gettarsi su schemi narrativi internazionali pi\u00f9 moderni e certamente pi\u00f9 funzionali sia poi un risultato da accogliere con entusiasmo o se sia piuttosto nocivo per quel po' di italianit\u00e0 che va cos\u00ec perduta \u00e8 un quesito legittimo, ma che non ha poi molto senso porsi: \"Sic transit gloria mundi\".\r\n\r\nTuttavia \"Mine\", lungometraggio d'esordio di Fabio Guaglione e Fabio Resinaro, \u00e8 un'opera in cui \u00e8 veramente difficile riconoscere i tratti caratteristici del nostro cinema: non tanto perch\u00e9 il cast \u00e8 composto da attori anglofoni, ma piuttosto perch\u00e9 lo scenario (ovvero quello della guerra in Afghanistan) \u00e8 uno scenario tipicamente americano.\r\n\"Mine\" dunque compie un passo ulteriore nell'internazionalizzazione rispetto ad esempio a quanto fatto da Gabriele Mainetti, che aveva pur mantenuto nel suo \"Lo chiamavano Jeeg-Robot\" quel tratto distintivo della periferia romana, o a Matteo Rovere, che utilizzando il dialetto romagnolo aveva inserito il genere delle gare automobilistiche di \"Veloce come il vento\" nel contesto facilmente riconoscibile dello Stivale. Con Guaglione e Resinaro il cordone ombelicale con la patria \u00e8 invece definitivamente tranciato.\r\nMa per evitare di affrontare con faciloneria un tema complesso come quello bellico, che gi\u00e0 l'industria hollywoodiana ricopre spesso di una patina etnocentrica e patriottica (si pensi alla delusione di \"American Sniper\", solo per citare uno degli ultimi titoli pi\u00f9 eminenti), i due autori compiono una mossa strategica e arroccano sulla soggettivit\u00e0, costruendo un \"I-concept movie\" in cui tutti gli eventi esteriori, riguardanti le missioni militari, sono un mero pretesto narrativo per poter parlare della condizione interiore umana, che \u00e8 comune a qualsiasi nazionalit\u00e0.\r\n\r\nLa vicenda del tiratore scelto dei Marines Mike Stevens che fuggendo nel mezzo del deserto dopo una missione fallita calpesta un ordigno esplosivo e rimane bloccato, inginocchiato a terra senza acqua e senza certezza di soccorso, inizia come un thriller ad alta tensione, ma si trasforma presto nella metafora di una redenzione personale, nella battaglia con il proprio passato, nello stallo di cinismo e rabbia di chi ha dichiarato guerra alle proprie emozioni e di chi deve inginocchiarsi davanti alla propria vita e trovare la forza e il coraggio per fare il prossimo passo.\r\n\r\nIl linguaggio per flashback ostinati e talvolta pedanti, che si insinuano tra le allucinazioni del protagonista e che le governano come un incubo, sono la chiave che permette di spostare il piano dell'attenzione, di svelare il deserto dentro di s\u00e9 e non pi\u00f9 fuori di s\u00e9, di comprendere che la mina non \u00e8 che un blocco del proprio inconscio, da disinnescare ricomponendo la propria identit\u00e0.\r\nI due registi si destreggiano dunque bene nella gestione di un materiale che correrebbe il pericolo di sfociare in un pasticcio poco chiaro e di un finale dalle complesse calibrazioni, che non sarebbe stato difficile rendere ridicolo e deludente e che invece \u00e8 meticolosamente e sapientemente amministrato.\r\n\r\nNonostante i difetti, che emergono soprattutto nell'antefatto che occupa la prima parte della pellicola e nei dialoghi che lo infarciscono, il risultato \u00e8 dunque positivo. Migliore persino, grazie alla sua abilit\u00e0 nel destreggiarsi tra il piano personale e quello esteriore-oggettivo, dei suoi antenati del genere, come il \"127 ore\" di Danny Boyle o \"Buried\" di Cort\u00e9s.", "voto": 7, "genere": "Thriller", "pub_date": "2017-07-31T18:21:58.305Z", "rank": 57.14285714285714}}, {"model": "recensioni.recensione", "pk": 24, "fields": {"titolo": "Veloce come il vento", "autore": 7, "testo": "Sembra che il cinema d'intrattenimento italiano abbia finalmente intrapreso una svolta capace di farlo uscire dalla situazione di piatta stabilit\u00e0 in cui brancola da lungo tempo: situazione che tenta di salvaguardare un cinema d'arte ormai decaduto e lasciato nella mani dei soliti noti, o che ripropone ripetutamente situazioni e canovacci macchiettistici e sempre pi\u00f9 uguali a s\u00e9 stessi (commedie demenziali e film sulla malavita in primis).\r\nIl cambiamento arriva per mano di una nuova generazione di registi, cresciuta assieme ai blockbuster hollywoodiani, alla luce di quel cinema della convergenza che ormai da un ventennio domina la scena internazionale e che finora l'Italia aveva (forse un po' snobisticamente) ignorato.\r\nDopo il meritatissimo successo di \"Lo chiamavano Jeeg Robot\", con il quale Gabriele Mainetti ha portato il genere supereroistico in un contesto di italianit\u00e0, arriva \"Veloce come il vento\": film di genere sportivo che riprende i modelli dell'industria americana (si pensi al recente \"Rush\" di Ron Howard, ma non si pu\u00f2 non citare anche \"The Fighter\" di David O. Russel per vicinanza di tematiche), firmato dal giovane regista romano Matteo Rovere, qui gi\u00e0 al suo terzo lungometraggio.\r\nCome nel film di Mainetti, anche qui la scrittura gioca sulla compenetrazione tra uno sfondo efficace, svecchiato e caricato dalla vertigine del contemporaneo, ed elementi pi\u00f9 tipicamente italiani, che riescono a far sentire lo spettatore pi\u00f9 vicino alla narrazione e a non rendere la pellicola soltanto un fratello minore delle grandi produzioni d'oltreoceano.\r\n\r\nGiulia De Martino \u00e8 una giovane e promettente pilota di auto da corsa che, dopo l'abbandono da parte della madre e la morte del padre-allenatore, si ritrova da sola con il fratello minore Nico, sommersa dai debiti. \u00c8 qui che entra in scena il fratello maggiore Loris, ex-leggenda del rally, da tempo caduto nell'abisso della tossicodipendenza. Star\u00e0 a lui allenare la giovane sorella, nell'obiettivo di farle vincere il campionato e di risanare in tal modo i debiti che nessuno dei due \u00e8 in grado di coprire.\r\nIl successo cinematografico di Rovere sta in questo intreccio tra dinamiche note allo spettatore italiano (il complesso intreccio familiare, l'amore-odio tra i due fratelli), evidenziate dall'intelligente utilizzo del dialetto emiliano, e uno stile capace di intrattenere puntando al coinvolgimento sensoriale del pubblico (elemento che emerge soprattutto nelle scene pi\u00f9 propriamente sportive).\r\nIl montaggio parallelo nella sequenza in cui Loris assiste per la prima volta a una gara di Giulia e prende in mano la situazione \u00e8, proprio per la presenza di entrambi questi elementi, vincente ed emozionante.\r\nAnche i ritmi risultano ben gestiti da una regia che contrappone scene pi\u00f9 intense e toccanti ad altre pi\u00f9 distensive e ironiche.\r\n\r\nMa se i pregi sono notevoli (e sarebbe un grave errore non accennare anche all'incredibile performance di Accorsi: trasformato nel fisico e abilissimo nel reggere il ruolo instabile ed eccentrico del fratello tossicomane), non mancano per\u00f2 i difetti, rinvenibili soprattutto sul piano della caratterizzazione dei personaggi.\r\nDa una parte Giulia, che dovrebbe essere protagonista, ma che cade in secondo piano in rapporto all'eccessivo spessore dato al personaggio di Loris. Dall'altra Loris stesso, il cui passato \u00e8 lasciato all'immaginazione dello spettatore e la cui metamorfosi da campione di rally a inetto ai margini della societ\u00e0 rimane inspiegata, nonostante la curiosit\u00e0 del pubblico venga alimentata pi\u00f9 volte nel corso delle vicende da continui accenni al suo passato.\r\n\r\nIl risultato non \u00e8 dunque perfetto, ma dopotutto il film \u00e8 piacevole e sicuramente rappresenta un tassello significativo in un possibile percorso di rinascita di un cinema italiano capace di presentarsi nuovamente e con dignit\u00e0 nella scena internazionale contemporanea. Un cinema italiano che possa ritrovare il valore dell'azione e dell'intrattenimento; un cinema italiano finalmente al passo coi tempi e che allo stesso tempo non rinunci a un valore aggiunto di genuinit\u00e0 e di personalit\u00e0.\r\nIl cammino \u00e8 ancora lungo, il materiale ancora grezzo e il rischio che si cada nell'emulazione senza arte n\u00e9 parte di prodotti stranieri di successo \u00e8 pericolosamente presente. Probabilmente questa \u00e8 la strada giusta e prima di perderla di vista o di sorpassarla distrattamente dovremmo affrettarci a imboccarla, veloci come il vento.", "voto": 7, "genere": "Drammatico", "pub_date": "2017-08-02T09:38:53.573Z", "rank": 66.66666666666666}}, {"model": "recensioni.recensione", "pk": 25, "fields": {"titolo": "Batman Begins", "autore": 8, "testo": "Nel gennaio 2003 la Warner Bros. affid\u00f2 a Christopher Nolan la direzione di un progetto su Batman, a partire dal soggetto di David S. Goyer. Il regista britannico e lo sceneggiatore, col quale collaborer\u00e0 anche per i due sequel (\"The Dark Knight\" e \"The Dark Knight Rises\"), decisero che il reboot doveva tagliare i ponti con il passato cinematografico dell'uomo pipistrello ed essere qualcosa di completamente diverso sia dal gotico-grottesco di Burton che dalle baracconate colorate di Schumacher.\r\nL'operazione era delicata e i fans di Batman non potevano che trattenere il respiro: Nolan aveva realizzato soltanto thriller-noir, lontanissimi dal sottogenere del comic-movie e, dopo il disastroso \"Batman & Robin\", erano stati numerosi i progetti naufragati tra cui anche la trasposizione di \"Batman: Anno Uno\", celebre graphic novel di Miller e Mazzucchelli. Eppure la risposta che dar\u00e0 l'autore di \"Memento\" metter\u00e0 d'accordo tutti.\r\n\r\nPartendo dal presupposto che  Batman \u00e8 un uomo senza superpoteri e che per battersi contro il crimine usa il suo ingegno e le risorse della sua straordinaria ricchezza, Nolan costruisce intorno al crociato di Gotham un contesto verosimile entro cui muoversi. Appropriandosi, insieme a Goyer, non di un albo particolare ma d'una fetta dell'immaginario di Batman, il regista si concentra sulle fondamenta del mito, letteralmente su come tutto ebbe inizio.[1] Cos\u00ec, vediamo il piccolo Bruce giocare insieme a Rachel (figlia della domestica di Villa Wayne) e, cadendo in una sorta di pozzo coperto, fare la scoperta di una caverna abitata solo da pipistrelli che lo terrorizzeranno.\r\n\r\nBruce Wayne cresce ossessionato dalla morte dei propri genitori e con un fondo di impotenza e senso di colpa che sfocia in rabbia e sete di vendetta. Un circolo vizioso di sentimenti ben reso dall'interpretazione di Christian Bale che si adopera per far sembrare umanissime e vicine le nevrosi del giovane.\r\nDopo non essere riuscito a uccidere Joe Chill, il criminale che aveva assassinato i suoi genitori, perch\u00e9 preceduto da un sicario della mafia, Bruce decide di abbandonare Gotham: vive come un vagabondo, si nasconde come un ladro e si ritrova in una prigione cinese, dove viene tirato fuori da Henry Ducard (Liam Neeson, in versione mefistofelica), luogotenente di Ra's al Ghul capo della Setta delle Ombre. Qui inizia il suo addestramento: la cieca rabbia del giovane Wayne viene indirizzata verso uno scopo, la sottile psicopatia che lo agita assorbita da un contesto (la Setta) che rispecchia e amplia le sue ossessioni. Bruce rimane per\u00f2 attaccato a un senso di superiorit\u00e0 morale (e sar\u00e0 per questo deriso dal suo avversario complementare, Joker) che non gli fa valicare la linea che separa gli eroi dai cattivi. La sua anima rimane integra perch\u00e9 \u00e8 in un limbo, disperatamente aggrappato a un codice tutto suo.\r\n\r\nNolan si circonda di una squadra di attori di talento e mestiere che ritorneranno nel prosieguo della trilogia e in altri suoi progetti (emblematico il caso di Caine, sorto a suo attore feticcio). Gary Oldman \u00e8 un Gordon ancora tenente ma gi\u00e0 sfiduciato da una citt\u00e0 che sembra senza speranza: l'attore d\u00e0 del personaggio un'interpretazione misurata e avr\u00e0 una crescente importanza nei capitoli successivi della saga; Micheal Caine \u00e8 l'affettuoso Alfred, l'anziano maggiordomo che ha cresciuto il signorino Wayne e che lo asseconda nelle sue ossessioni, sperando in un futuro in cui Bruce non avr\u00e0 bisogno dell'uomo pipistrello; Cillian Murphy e Liam Neeson sono i due villain, lo psicopatico Jonathan Crane/Spaventapasseri e l'inflessibile capo della Setta delle Ombre, Ra's al Ghul, deciso a distruggere Gotham City, centro e simbolo della corruzione del nostro tempo. Tra i comprimari di Christian Bale, gli unici attori americani sono Katie Holmes che veste i panni di Rachel Dawes, il grande amore di Bruce (e personaggio creato ad hoc per il film), che sfoggia l'intero repertorio delle smorfie di Joey Potter, e Morgan Freeman che regala a Lucius Fox la sua ironia e il suo fare sornione, oltre a tutti gli accessori che servono a un eroe senza superpoteri (l'armatura in kevlar, la batmobile, il mantello).\r\n\r\nWally Pfister passa dai connotati freddi delle montagne tibetane alla cupezza di Gotham City: il lavoro scenografico \u00e8 notevole, perch\u00e9 coniuga le guglie gotiche da dove iniziano le notturne sortite di Batman allo skyline di una metropoli contemporanea; questa dualit\u00e0 si perder\u00e0 in favore di un set urbano reale (Chicago ne \"Il cavaliere oscuro\" e New York ne \"Il cavaliere oscuro - Il ritorno\"). L'oscurit\u00e0, l'atmosfera opprimente, la seriosit\u00e0 del contesto sono stati spesso criticati come eccessi e vezzi autoriali di Nolan. Si deve invece affermare che sono state le carte vincenti della sua saga, tanto che tutti i cine-comic a venire cercheranno di imitarne l'approccio alla materia senza eguagliarne mai i risultati (si pensi soltanto al recente \"The Amazing Spiderman\").\r\n\r\n\"Batman Begins\" - insieme allo \"Spider-Man 2\" di Raimi - ha traghettato l'universo dei supereroi cinematografici in quell'adulthood che i fumetti avevano gi\u00e0 raggiunto un paio di decenni prima.", "voto": 8, "genere": "sconosciuto", "pub_date": "2017-08-02T09:43:17.485Z", "rank": 100.0}}, {"model": "recensioni.recensione", "pk": 26, "fields": {"titolo": "Il cavaliere oscuro", "autore": 8, "testo": "Benvenuti in un mondo senza regole. E' la frase di lancio de \"Il cavaliere oscuro\", nuovo episodio cinematografico delle avventure di Batman. Nonch\u00e9 il film pi\u00f9 atteso dell'anno. Un successo annunciato forse, ma non in misura cos\u00ec enorme. Gli oltre 200 milioni di dollari incassati dal film in cinque giorni e le recensioni entusiastiche sono forse un indizio dell'hype creatosi attorno alla pellicola sin dalle prime fasi della sua realizzazione.\r\n \r\nMa il successo del film, pi\u00f9 che per l'eco mediatica scaturita dalla prematura morte del bravo Heath Ledger, \u00e8 dovuto in primo luogo al talento del regista Christopher Nolan. E' grazie alla sua visione che l'uomo pipistrello \u00e8 tornato a volare a queste altezze, dopo che Joel Schumacher aveva trasformato la franchise in un cartoon di serie b. In \"Batman Begins\" Nolan ha conferito al personaggio un sottotesto tragico e realista, una statura epica e dolente che non si ritrovano nemmeno nei film di Burton. Ma quel film era soltanto l'incipit (come suggeriva il titolo stesso d'altronde), una prova in grande stile, in vista del grande show.\r\n \r\nE \"Il cavaliere oscuro\" \u00e8 un \"Batman Begins\" elevato al cubo. Un film molto pi\u00f9 tetro, lungo, sfaccettato e complesso del precedente. Sarebbe senza dubbio semplicistico catalogarlo come l'ennesimo film su un \"supereroe\", n\u00e9 tantomeno come un'opera indirizzata ad un pubblico di teenager. No, \"Il cavaliere oscuro\" pi\u00f9 che Burton o Raimi (per citare gli esempi pi\u00f9 alti nello stesso genere) ricorda epiche saghe criminali come quelle di \"Heat\" o \"Gli Intoccabili\". Non \u00e8 un banale film d'azione hollywoodiano, ma un cupo apologo sul lato oscuro degli uomini, in cui \u00e8 difficile trovare anche un solo barlume di speranza (nonostante, nel finale, ci sia spazio per la luce). Il pamphlet di Nolan inizia con una rapina bella tosta che pare uscita da un film di Michael Mann, e pare proseguire su questa linea, con Bale-Batman nel ruolo di Pacino-Hanna e Ledger-Joker in quelli di De Niro-McCauley. La sostanza \u00e8 sempre quella: bene e male sono due facce della stessa medaglia.\r\n \r\nIl Joker di Heath Ledger (straordinario) non \u00e8 il solito pazzo criminale. E' un uomo che gioca fuori dagli schemi, che non rispetta (come il regista) le regole sbandierate nella tagline di cui dicevamo poco sopra. Joker \u00e8 un anarchico, un terrorista che vuole \"vedere il mondo bruciare\", che fa quello che fa senza un vero motivo (in questo senso ha pi\u00f9 di una parentela con Paul e Peter del recente remake di \"Funny Games\", come loro, prima di torturare le sue vittime, si diverte a raccontare particolari fasulli sul suo passato): i suoi omicidi non sono spinti da collera o avidit\u00e0 (da fuoco ad una montagna di denaro), ma dal perverso desiderio di spingere l'uomo a scoprire il proprio lato buio e negativo, a dare adito alla rabbia che \u00e8 dentro ognuno di noi. Joker \u00e8 complementare a Batman, \u00e8 la sua nemesi, il suo riflesso nello specchio. E' un villain sadico che il nostro eroe non riesce a catturare in nessun modo, perch\u00e9 incapace di comprenderlo a fondo. E, solo alla fine, venendo a patti con la propria moralit\u00e0, infrangendo quel codice d'onore che si era ripromesso di rispettare (non sveleremo come), il cavaliere nero riuscir\u00e0 a confrontarsi col suo nemico.\r\n\r\n\r\nMa la pellicola non ruota attorno solamente a questi due personaggi. Il vero fulcro della vicenda \u00e8 il procuratore distrettuale Harvey Dent (interpretato dal bravo Aaron Eckart), una figura tragica, destinata a volare in alto come Icaro, per poi bruciarsi le ali, e cadere. Dent \u00e8 la vittima prediletta da Joker: un angelo in terra, un paladino senza macchia (bench\u00e9 un tantino arrivista), un classico eroe americano, che arriver\u00e0 a confrontarsi con i propri demoni, \"langhianamente\" diviso a met\u00e0, sin dal volto (come Gloria Grahame ne \"Il grande caldo\"), tra bene e male. Un \"agente del caos\", una vittima dei nostri tempi, che affida le sue decisioni al lancio di una moneta (in quanto a spessore nessuna parentela con il \"Due Facce\" da burletta interpretato da Tommy Lee Jones in \"Batman Forever\").\r\n \r\nNolan non \u00e8 interessato ad esplosioni ed effetti visivi. Intendiamoci. Di azione ce n'\u00e8 ne \"Il cavaliere oscuro\"; il film supera le due ore e mezza e non ci si annoia mai. Ma la tensione emotiva non scaturisce con mezzi convenzionali: pi\u00f9 che a stunt e botti, il regista di \"Memento\" si affida a lunghi, quasi estenuanti, montaggi alternati, ai primi piani ravvicinati, soffocanti, dei suoi protagonisti, alle musiche sintetiche e assordanti del duo Hans Zimmer - James Newton Howard (vicine al lavoro di Vangelis per \"Blade Runner\").\r\n\r\nIl risultato \u00e8 un film a suo modo sorprendente, singolarmente violento, cupo e appassionante. Che rester\u00e0, e crescer\u00e0, negli anni a venire.", "voto": 8, "genere": "Drammatico", "pub_date": "2017-08-02T09:47:09.850Z", "rank": 100.0}}, {"model": "recensioni.recensione", "pk": 27, "fields": {"titolo": "Pulp Fiction", "autore": 9, "testo": "Il cinema doveva essere gi\u00e0 morto da un pezzo, quando le iene di Quentin Tarantino cominciarono a rosicchiarne la carcassa. Gli ultimi rimasugli di polpa vennero digeriti e trasformati in nuova materia cinematografica, che, con \"Pulp Fiction\", spacc\u00f2 gli anni Novanta in due, aprendo altre strade e facendo di un trentenne cresciuto a pane e cinema l'ultima star nel mondo dei filmmaker sbarcati a Hollywood. La storia dell'opera seconda di Tarantino potrebbe essere riassunta in questo modo, sebbene affondi le radici in un passato non molto remoto.\r\n\r\nNel 1992 l'ex-commesso di un videostore di Manhattan Beach (L.A. County), entrato nel giro dei Sundance Kid grazie a dei buoni contatti e ad un paio di script venduti bene, viene lanciato dal film festival inventato da Robert Redford con \"Reservoir Dogs\", una sorta di kammerspiel ultra-violento, che sfruttava l'heist movie con la \"rapina finita male\" per reinventarlo dalle fondamenta. Con un notevole gioco di incastri narrativi, basato sui flashback \"rashomoniani\" dei vari rapinatori, l'allora ventinovenne Tarantino pass\u00f2 in un sol colpo dalla serie B di film a basso costo alla serie A dei nuovi autori americani, accodandosi ad altri registi che avevano cominciato la loro carriera nel decennio precedente - si parla naturalmente almeno dei Coen di \"Blood Simple\" e del Lynch di \"Velluto blu\" e \"Cuore selvaggio\" (l'opera che nel 1990 apre e riassume un intero decennio di cinema americano).\r\n L'opera seconda, scritta a quattro mani con l'amico (poi ex) Roger Avary, vince a sorpresa il Festival di Cannes consacrando il talento del giovane autore e avviandolo a un successo mondiale (sar\u00e0 il suo miglior incasso fino a \"Bastardi senza gloria\"): \"Pulp fiction\" usc\u00ec in Italia, anche grazie alla lungimiranza di Enrico Ghezzi che port\u00f2 al Taormina FimFestival da lui diretto il regista e i suoi due lungometraggi.\r\n\r\n\"Pulp Fiction\", come altre opere tarantiniane, non segue una narrazione lineare ed \u00e8 diviso in capitoli: quelli ai quali l'autore ha concesso un titolo sono tre, \"Vincent Vega e la moglie di Marcellus Wallace\", \"L'orologio d'oro\" e \"La situazione di Bonnie\". \"L'orologio d'oro\" ha un'introduzione ambientata nel passato, mentre l'episodio sull'uscita di Vincent e Mia Wallace \u00e8 anticipato nella macro-sequenza dedicata al lavoro che devono svolgere Vincent e Jules per recuperare la valigetta di Marcellus. D'altra parte questa sezione converger\u00e0 ne \"La situazione di Bonnie\" e ritroveremo nel finale Zucchino e Coniglietta, lasciati nel prologo quando iniziano la rapina in una tavola calda.\r\nTarantino articola \"Pulp Fiction\" assemblando scene indipendenti che raccolgono e ampliano il proprio senso rispecchiandosi e continuandosi di storia in storia. Il pasticcio cronologico rivela una disposizione armonica diretta, sia a partire dall'inizio che a ritroso dalla fine, verso il centro del film: alcuni dettagli apparentemente insignificanti di primo acchito (come lo scambio in cagnesco tra Vincent Vega e Butch nel locale di Marcellus Wallace) hanno un significato successivamente, cos\u00ec come quello si vede \"dopo\" spiegher\u00e0 ci\u00f2 che si \u00e8 visto \"prima\".\r\nOgni sequenza ha un climax interno che dialoga col bioritmo dell'opera, continuamente animato da vette emozionali, metaforizzate dalla scarica di adrenalina che salva la vita a Mia Wallace, dopo l'overdose. \"Pulp Fiction\" funzione spettacolarmente bene come catalizzatore di emozioni basse, violente che si manifestano a ogni visione nella ripetizione di un puzzle di storie cos\u00ec intrecciate da permettere allo spettatore anche un ri-montaggio mentale, colmando i vuoti tra uno stacco e l'altro.\r\n\r\nA spiazzare in \"Pulp fiction\" \u00e8 quindi la maturit\u00e0 nel modulare la narrazione da parte di un regista dall'esperienza ancora non collaudatissima; Tarantino padroneggia cos\u00ec bene la scrittura che Flavio de Bernardinis paragona la sua penna a quella del maestro Robert Altman (in \"Robert Altman\", Il Castoro, 1995): entrambi sono innanzitutto (de)scrittori di personaggi e il lavoro che fa il giovane Quentin con le varie storie di \"Pulp Fiction\" non \u00e8 lontano dalla \"zuppa carveriana\" di \"Short Cuts\" (\"America Oggi\", 1991). La realt\u00e0 cinica e tragica di Altman, diventa una fumettistica disavventura \"pulp\" che ironizza sul sottobosco criminale che rappresenta da sempre la fauna privilegiata da dove il cinema di genere trae i propri protagonisti.\r\nIl flashback che spiega la storia dell'orologio d'oro di Butch, con un mitico intervento di Christopher Walken resuscitato da \"Il cacciatore\" a raccontare il lato grottesco dell'orrore del Vietnam, motiva l'importanza di quell'oggetto per il personaggio interpretato da Bruce Willis. Tarantino \u00e8 da considerare un mago del McGuffin, perch\u00e9 non ne sfrutta solo uno che diventa il motore immobile dell'azione (secondo la lezione di Hitchcock) ma ne dissemina per ogni personaggio rendendo imprevedibili le direzioni del racconto.\r\n\r\nLa scrittura cinematografica tarantiniana, soprattutto nelle sue prime esperienze, riguarda quello che \u00e8 solitamente omesso dall'azione narrativa, \u00e8 la scrittura del superfluo: egli predilige la messa in scena di prodromi ed effetti elidendo sulla \"causa\" vera e propria, divertendosi ad approfondire quello che solitamente \u00e8 ritenuto inutile ai fini della narrazione ma che reifica l'umanit\u00e0 e la verit\u00e0 dei vari personaggi, evitando per loro l'ipercaratterizzazione macchiettistica. I celebri botta e risposta sono anch'essi un modo per ritardare e per riempire un vuoto d'azione. Dialoghista dalla verve eccezionale e infinita, capace di prolungare fino all'assurdo discorsi come il nome europeo del \"Quarto di libbra con formaggio\" per il differente sistema metrico, o il vero significato dei massaggi ai piedi, Tarantino usa un tono particolare per ogni personaggio cos\u00ec da donargli la propria dimensione anche con pochi e incisivi tratti: ad esempio, la fulmineit\u00e0 di battute secche che non ammettono risposta ha fatto di Mr. Wolf (un compiaciuto Harvey Keitel) una delle figurine pi\u00f9 fortunate di \"Pulp Fiction\"; penetrato a forza nell'immaginario collettivo il linguaggio tarantiniano e i suoi moduli narrativi hanno segnato un decennio per poi modificarsi per entrare di prepotenza anche in quello successivo. La drammaturgia dei suoi dialoghi ampliano gli scenari, quasi sempre racchiusi in piccoli spazi (l'abitacolo della macchina, l'appartamento, il locale), potenziando l'effetto grottesco che si scatena quando i protagonisti agiscono; il chiacchiericcio tanto sterile quanto quotidiano accomuna pupe, boss, inservienti e manovali del crimine.\r\nLa routine di \"Pulp Fiction\", fatta di pause e/di violenza, \u00e8 una (delle tante possibili) dimostrazioni di come il regista rielabori le lezioni dei suoi maestri: in questo caso la lezione della Nouvelle Vague, citando nel particolare \"Tirez sur le pianiste\" di Truffaut coi discorsi dei due sicari in auto, e due grandi film godardiani, \"Vivre sa vie\" nella battuta sui silenzi che mettono a disagio e \"Band \u00e0 part\" nella celebre scena della gara di twist, dove un John Travolta imbolsito si vede costretto dalla competitiva Mia a rinverdire i fasti de \"La febbre del sabato sera\".\r\n\r\nLa destrutturazione temporale \u00e8 il mezzo con cui Tarantino si trastulla, prendendo a piene mani dal Kubrick di \"Rapina a mano armata\", e la sala di montaggio dovrebbe essere il luogo deputato a un'operazione del genere. Questo lavoro \u00e8 per\u00f2 gi\u00e0 attuato dal Tarantino-sceneggiatore la cui maniacalit\u00e0 nella scrittura \u00e8 pari a quella di Stanely Kubrick - famoso l'enorme faldone che conteneva lo script di \"Pulp Fiction\", iniziato nei coffe shop di Amsterdam. Il suo linguaggio cinematografico non \u00e8 rivoluzionario quanto l'aspetto narrativo, anzi, si potrebbe affermare che parte del suo successo sia dovuto all'interpretazione di un linguaggio gi\u00e0 ampiamente codificato, riferibile ai registi della Nouvelle Vague e della New Hollywood (Scorsese e De Palma sono tra i pallini di Tarantino), che rende trasparente rivisitazioni ludiche parecchio ardite, segno distintivo della facilit\u00e0 di \"fare cinema\" del regista di Knoxville.\r\nNon ci sono sbavature nello stile tarantiniano, n\u00e9 nei raccordi di montaggio (sull'asse, sul movimento, sullo sguardo) n\u00e9 tanto meno di regia dove dispone quasi sempre in maniera simmetrica i propri personaggi: si pensi agli stacchi sui vari personaggi nell'appartamento dei ragazzi o a Vincent e Mia seduti l'uno di fronte all'altro nel locale, impegnati nel pi\u00f9 classico dei dialoghi cinematici: primi piani in campo e controcampo. La precisione delle microstrutture mette ancor pi\u00f9 in evidenza le discrasie macrostrutturali. La montatrice Sally Menke (sodale del regista fino alla sua prematura scomparsa nel 2010) usa la dissolvenza in nero per la conclusione dei vari capitoli, dando proprio il senso dell'operazione \"pulp\" di Tarantino: un film-romanzo che ogni volta che si riapre non \u00e8 nello stesso punto in cui lo si \u00e8 lasciato, come se chi leggesse conoscesse gi\u00e0 la storia o stia facendo confusione tra un capitolo e un altro (d'altra parte Tarantino \u00e8 dislessico).\r\n\r\nCon \"Pulp Fiction\" vengono istituzionalizzate inquadrature e immagini che ogni fan innalzer\u00e0 a feticcio del suo idolo, una vera e propria iconografia tarantiniana: parliamo, ad esempio, del contra-plong\u00e9e dal baule, il parabrezza schizzato di sangue, l'inquadratura sui piedi di Uma Thurman (un feticismo a parte) che, dopo il dettaglio sulle labbra, presentano il personaggio ancora prima di inquadrare il volto (che avverr\u00e0 solo nella scena successiva). Nonostante un'ancora breve filmografia, il regista affianca alla miriade di riferimenti intertestuali per le sue ossessioni cinefile, anche un discorso intratestuale, fatto di immagini e personaggi: com'\u00e8 ormai noto, Vincent \u00e8 il fratello di Vic Vega e la descrizione di \"Fox Force Five\", lo show tv in cui Mia aveva recitato, altro non \u00e8 se non la squadra di assassine capitanate da Beatrix Kiddo.\r\n\r\n\u00c8 interessante analizzare la parabola di Vincent, presente in ogni episodio, sia all'inizio che, ovviamente, nel finale, quando i due sicari vestiti in t-shirt e pantaloncini escono dalla tavola calda; il suo essere trans-personaggio che interagisce con tutti e con le varie situazioni non lo protegge dall'epilogo fatale che pone fine alla sua scorribanda: una compensazione narrativa a tanto vitalismo (a perdere). La morte di Vincent ha una funzione di contrappasso se si considera che il genere da cui Tarantino prende le viscere e le frattaglie \u00e8 il noir, trasposizione contemporanea della tragedia, il cui finale \u00e8 quasi sempre catartico. L'avant-pop di \"Pulp Fiction\" non pu\u00f2 che partorire una parodia e, quindi, il nostro protagonista non solo muore, ma non si redime nemmeno: al contrario di Jules Winnfield che vede nei proiettili che li hanno mancati un'epifania divina, decidendo di lasciare il mestiere; al contrario di Mia Wallace che si salva in casa del pusher (a cui il coeniano Lebowski deve qualcosa); al contrario di Butch il cui doppio gioco ai danni di Marcellus non viene punito, trovando la \"grazia\" del boss e una moto (anzi, un chopper) con cui fuggire chiamato \"Grace\". In un certo senso, l'arroganza di Vincent \u00e8 paragonabile alla presunta onnipotenza di Marcellus Wallace, l'altro personaggio che viene punito in un'escalation irrazionale che richiama \"Un tranquillo weekend di paura\" (Boorman, 1972).\r\n\r\nPercorsa da un acido sarcasmo che sdrammatizza la violenza, talmente parossistica da essere assimilata a quella dei cartoon, quest'opera trans-genere e folle ha causato al suo autore le accuse di nichilismo e di apologia della violenza. A cui Tarantino ha risposto seccamente che, se i suoi film lo sono, \u00e8 perch\u00e9 tali aspetti sono divertenti: non ci sono motivazioni politiche, l'ambiguit\u00e0 tra repulsione e connivenza ironica con omicidi, rapine, stupri \u00e8 voluta. La stilizzazione della violenza ha per\u00f2 implicazioni sia estetiche che etiche, perch\u00e9, si badi bene, la posizione dello sguardo dello spettatore \u00e8 quasi messa al riparo, molto pi\u00f9 protetta rispetto alla violenza glaciale di autori pi\u00f9 severi come possono essere gli europei Haneke, Von Trier o il nipponico Miike. Che sia un limite o meno, \u00e8 sicuramente una caratteristica da tenere sempre presente, per non sovra-interpretare le volont\u00e0 dell'autore: l'entertainment per Tarantino passa per scelte estreme delle quali, come abbiamo gi\u00e0 detto, il regista mostra le conseguenza non l'atto in s\u00e9. Vincent che spara in faccia al ragazzo seduto dietro si tramuta in un'esplosione che ricopre di sangue l'interno della macchina: il corpo del ragazzo sar\u00e0 sempre occultato. Allo stesso modo ne \"Le iene\" il montaggio ci nascondeva la carneficina durante la rapina e il taglio dell'orecchio del poliziotto operato dal sadico Vic Vega - vedremo poi le conseguenze della rapina e Michael Madsen giocare con l'orecchio tagliato.\r\n\r\nIn \"Pulp Fiction\" ogni cosa \u00e8 eccessiva, dal ritmo andante con brio, nonostante la durata estesa, ai personaggi, dalle vicissitudini surreali ai dialoghi, che potenziano il modo di parlare del regista, andando a scatti nella loro verbosit\u00e0 fluviale. Questa spettacolarizzazione, anche degli aspetti pi\u00f9 banali, \u00e8 dovuta alla lente che filtra il mondo tarantiniano e questa lente \u00e8 proprio il cinema. Ibridatori dell'arte impura ve ne sono stati tanti, da Godard ad Altman, cos\u00ec come registi-cinefili, da Truffaut a Scorsese, ma il caso di Quentin Tarantino \u00e8, sotto quest'aspetto, esemplare: \u00e8 l'unico regista ad aver sfruttato la sua vorace cinefilia come tavolo su cui apparecchiare, di volta in volta in maniera diversa, le ricette dei suoi film. L'accusa miope di assemblare collage citazionisti non coglie come tale orizzonte culturale permetta al suo cinema di compiere quel salto mortale per cannibalizzare e stravolgere la realt\u00e0. Il cinema, pensato come universo a parte, a s\u00e9 stante, si sostituisce con il proprio linguaggio alla normale rappresentazione mimetica della realt\u00e0, animandosi con le proiezioni interiori (e cinefile) dell'autore, dove il tempo e lo spazio sono coordinate manipolabili tanto quanto gli strumenti del medium possono permettersi di deformarlo. Gli avvenimenti che si susseguono durante i 150 minuti sono pura \"fiction\": dal guidare per Los Angeles con la strada proiettata che scorre fuori dal finestrino, come nei film degli anni 50, all'attraversare la citt\u00e0 in dieci minuti come fa Mr. Wolf, alla stessa Mia Wallace col suo look riconducibile tanto all'Anna Karina godardiana che alle dark lady del cinema noir. L'essere inserita in un contesto irreale le permette anche di fare cose impossibili, come disegnare un quadrato sullo schermo trasformando la parola in immagine. Insomma, in \"Pulp Fiction\" non c'\u00e8 una singola scena che non possa essere letta in chiave metalinguistica.\r\n\r\nPer molto, forse troppo, tempo Quentin Tarantino \u00e8 stato \"il regista di Pulp Fiction\", in un gioco di identificazione che ha pochi eguali nella storia contemporanea del cinema; ed \u00e8 altres\u00ec apprezzabile il tentativo del regista di Knoxville di non farsi schiacciare da un'eredit\u00e0 pesante, rimettendo in discussione le formule del suo cinema gi\u00e0 con quel \"Jackie Brown\" (1997), il cui flop segn\u00f2 un periodo di progetti abortiti che dur\u00f2 sei anni. \"Pulp Fiction\" \u00e8 s\u00ec un catalogo pulp, ma \u00e8, ancora prima del r\u00e9sum\u00e9 postmoderno definitivo di \"Kill Bill\" (2003), l'abbecedario per entrare in contatto con l'autorialit\u00e0 tarantiniana. In accordo a quanto dice lui stesso, i generi cinematografici sono un modo per parlare di se stessi, nascondendolo all'evidenza della macchina da presa, ma proprio per l'uso che ne fa, per le citazioni rubate e gli omaggi conclamati, si tratta di frammenti di indelebile auto-svelamento, un continuo coming-out mascherato e frullato con la Settima Arte. Con la sua opera seconda, Tarantino firma non solo una pellicola epocale ma costruisce un dispositivo perfetto che indaga tutti i generi considerati di serie B e li fa sussumere dall'interno, portandoli a un livello di eccellenza, per il genio nella scrittura e il virtuosismo tecnico-realizzativo. \r\n\r\nSi dice sempre che Tarantino mescoli l'alto col basso, ma \u00e8 vero solo in parte. La forza misteriosa dei suoi film consiste nell'abilit\u00e0 che dimostra nel digerire pezzi di junk-cinema e resuscitarli in un nuovo contesto produttivo, narrativo e autoriale. Tarantino \u00e8 il miglior riciclatore americano. Buona visione.", "voto": 10, "genere": "sconosciuto", "pub_date": "2017-08-02T09:54:15.693Z", "rank": 66.66666666666666}}, {"model": "recensioni.recensione", "pk": 28, "fields": {"titolo": "Kill Bill", "autore": 9, "testo": "Hattori Hanzo\r\n\r\nC'era una volta... una sparatoria! Diranno i piccoli spettatori di Tarantino. No, c'era una volta una spada.\r\nAd una prima analisi \"Kill Bill\" pu\u00f2 sembrare \"solo\" il film orientale di Tarantino, in cui il regista distilla il materiale grezzo dei film di Hong Kong degli anni 60-70 che ebbero tanto impatto anche in Occidente (anche se nella memoria collettiva sono rimasti solo Bruce Lee e la canzone \"Kung Fu Fighting\"). Piccoli indizi come il logo Shawn Brothers all'inizio del film, il coinvolgimento del coreografo di arti marziali Yuen Woo-ping e il fatto che il film sia stato girato in parte in Cina nei Bejing Film Studios puntano in quella direzione. La mossa \"affetta piedi\" della Sposa quando combatte contro gli 88 folli \u00e8 ripresa da \"La mano sinistra della violenza\", prodotto dagli Shawn Brothers, e Uma ovviamente indossa la tuta di Bruce Lee in \"Game of Death\". Ma in realt\u00e0 Tarantino non sceglie la spada perch\u00e9 ha fatto un film di arti marziali, ma sceglie la spada per lo stesso motivo per cui la scelgono i film di arti marziali. Perch\u00e9 le vere storie di guerrieri hanno spade, non pistole[1].\r\nQuando in \"Pulp Fiction\" Bruce Willis deve scegliere l'arma migliore nella scena del negozio dei seviziatori, sceglie la spada. Chiaramente non ne ha mai usata una e altrettanto chiaramente non \u00e8 l'arma pi\u00f9 efficace a disposizione. Ma la spada \u00e8 epica.\r\nTra post-moderno ed epica c'\u00e8 strutturalmente una forte tensione. Il post-moderno attinge all'epica mentre ne nega la possibilit\u00e0. \"Pulp Fiction\" \u00e8, per quel che riguarda il cinema, il capolavoro - anche teorico - del post-moderno, antitesi dell'epica. \"Kill Bill\" rappresenta invece la via d'uscita, la sintesi apparentemente impossibile tra post-moderno ed epica. In questo senso, \"Kill Bill\" rappresenta una riflessione pi\u00f9 avanzata sulla nostra cultura e un punto di vista sul mondo pi\u00f9 coraggioso di \"Pulp Fiction\".\r\nLa vertigine parte dalla dichiarazione di Tarantino secondo il quale \"Kill Bill\" \u00e8 il tipo di film che vanno a vedere al cinema i personaggi di \"Pulp Fiction\". La finzione all'interno di un mondo fittizio. A questo punto \u00e8 bello e inevitabile pensare che Bruce Willis scelga la katana proprio perch\u00e9 ha appena visto \"Kill Bill\" o un film equivalente al cinema. In particolare pare che \"Kill Bill\" altro non sia, a meno di un cambio di nome della squadra, che il pilota di Volpi Forza Cinque, la serie televisiva nel quale recita Mia (la moglie del boss Marsellus Wallace in \"Pulp Fiction\"). Quindi la Sposa non sarebbe un personaggio reale, ma Mia che recita la Sposa. Questo spiegherebbe anche bizzarrie presenti in \"Kill Bill\", come infermiere con la croce rossa sopra la benda da pirata e viaggi in aereo con la spada appoggiata accanto al sedile.\r\nQuesta vertigine per\u00f2 non d\u00e0 luogo ai ricorsi infiniti dello specchio nello specchio, come nei capannoni di \"Synecdoche NY\" o in un racconto di Borges. Si tratta, come dicevamo, di una dialettica tesi antitesi sintesi. Il metacinema serve, in modo forse inedito nella cinematografia moderna, ad ancorare la storia agli archetipi. Se si guarda \"Kill Bill\" con attenzione, \u00e8 inevitabile notare il ricorrere di schemi di Propp e moduli narrativi base. Abbiamo la morte e la resurrezione, abbiamo il viaggio in cerca del maestro. Abbiamo il tradimento degli amici e la quest per l'arma/mossa magica. [Notare che questi punti sono cos\u00ec importanti che sono tutti presenti in entrambi i due volumi di \"Kill Bill\".] L'operazione di Tarantino \u00e8 magistrale. Mentre ci distrae con scritte Pussy Wagon e fiotti di sangue ci mostra in realt\u00e0 come portando il post-moderno fino in fondo si torna alle fiabe e alle mitologie, alle storie che raccontate attorno al fuoco. Magari mentre si suona il flauto come Bill.\r\n\r\nShowdown\r\n\r\nQuesta riflessione sulla narrativa \u00e8 accompagnata da una ricchezza visiva che propone invenzioni ad ogni passo. Non a caso il film segna la prima collaborazione di Tarantino con Robert Richardson, il prediletto di Stone e Scorsese, tre volte premio Oscar per la fotografia. La velocit\u00e0 del montaggio non va mai a scapito della geometria dell'inquadratura. Le inquadrature fisse sono numerose e significative (si veda il finale), ma vengono privilegiati movimenti di macchina ampi e morbidi proprio per segnare il passaggio dalla frenesia all'eleganza. L'unico momento in cui la camera pare ubriacarsi \u00e8 quando in realt\u00e0 non c'\u00e8: l'inserto animato nel primo film imprime una accelerazione vertiginosa al ritmo, gi\u00e0 non proprio riflessivo, e con lo stesso trucco degli anime mostra con i disegni quello che sarebbe stato un po' estremo persino per Tarantino mostrare in video (la pioggia di sangue sotto il letto, \"Per fortuna il boss Matsumoto era un pedofilo\").  Ma \u00e8 chiaro che l'apice del dittico \u00e8 il capitolo \"Showdown in the house of the blue leaves\". Prima ci viene mostrata l'ambientazione con sinuosi long take dalla gru che chiariscono l'arena del combattimento. Poi si passa a una carneficina - il crescendo di adrenalina \u00e8 cos\u00ec insostenibile che l'immagine si raref\u00e0. Si passa dal colore al bianco e nero alle silouhettes da pre-cinema. Questa scelta ha anche portato a molte leggende. Il bianco e nero \u00e8 stato veramente richiesto dalla censura americana? O \u00e8 un omaggio a quando i film giapponesi venivano desaturati negli anni 70 per far apparire il sangue meno impressionante e ottenere la distribuzione americana? In effetti, nella versione giapponese la scena \u00e8 interamente a colori, e il bianco e nero in funzione attenuante \u00e8 usato fin dalla prima scena del film... Ma allora perch\u00e9 l'inizio e la fine del combattimento (con una piscina di sangue) sono a colori e si passa al bianco e nero solo quando La Sposa usa la mossa speciale dell'occhio, che ha un valore narrativo ma ovviamente anche metafilmico? Cambiamo prospettiva: in tutta la sequenza i cavi sono invisibili ma evidenti, e gli schizzi di sangue e le amputazioni chiaramente \"fatti a mano\", eppure \u00e8 innegabilmente avvincente. Tarantino filma una delle pi\u00f9 grandi sequenze di azione di sempre ma lo fa in modo che non sembri reale. Come in un frammento di \"Holy Motors\", mette in scena la finzione, disvela i trucchi della finzione ma allo stesso tempo ci mostra come nonostante i trucchi non possiamo non emozionarci.\r\n\r\nE' importante che siano divertenti le scene di arti marziali in \"Kill Bill\". Non stiamo parlando di un film di kung fu meramente teorico, ci sono eleganza e adrenalina, combattimenti sui tavoli, sulle travi, acrobazie continue. Nei film orientali, lo sappiamo, gli attori tendono a essere veri atleti, e qui non \u00e8 il caso. Ma \u00e8 chiaro che se la regia \u00e8 in mano a Tarantino e la coreografia a Yuen Woo-ping, a questo si supplisce in modo elegante ed efficace. Inoltre i combattimenti, proprio come nel cinema orientale, partecipano alla narrazione. L'eliminazione dello stupratore e dell'infermiere \u00e8 brutale e disgustosa, come brutale e disgustosa \u00e8 la violenza sugli inermi. Il primo combattimento - con Copperhead - \u00e8 molto fisico, inquadrato da vicino, dirompente e confuso, oggetti fatti a pezzi etc.: \u00e8 la distruzione della quotidianit\u00e0, il sottile strato di ghiaccio della vita \"normale\" che si incrina e si spacca.  Non a caso questa sequenza \u00e8 il primo segmento narrativo: il contrasto tra affetto e violenza \u00e8 una delle chiavi di lettura del film, ma il tema sar\u00e0 affrontato completamente solo nel secondo volume. L'ultimo combattimento del volume 1, ritmato dall'acqua, in un giardino innevato da fiaba, \u00e8 inquadrato in piano lungo, in quanto astratto, simbolico: \"Era veramente una spada di Hattori Hanzo\",  dice O-Ren Ishii morendo. La Sposa \u00e8 brava, ma vince perch\u00e9 ha l'arma magica, e ce l'ha lei perch\u00e9 \u00e8 destinata a compiere la sua missione, proprio come Re Art\u00f9 non estrae la spada dalla roccia perch\u00e9 \u00e8 il pi\u00f9 forte, ma perch\u00e9 \u00e8 il suo destino.\r\n\r\nDa Marsellus a David Foster\r\n\r\nVorremmo per\u00f2 sottolineare ancora una volta che \"Kill Bill\" non \u00e8 il pendolo che torna indietro dal post-moderno all'epica ma la sintesi tra le due forme narrative. A spazzare via ogni dubbio l'inizio del secondo volume. Il matrimonio della Sposa non era un matrimonio ma la prova di un matrimonio. Non solo gli 88 folli non erano proprio 88, ma lo squallido Budd con la sua vita squallida fa quello che per qualche motivo nessuno di loro aveva fatto, cio\u00e8 sparare alla Sposa. Il nome della Sposa viene rivelato senza drammi, in un lampo comico. La prima parte del secondo volume consiste in una decostruzione dell'epica del primo volume. Ma la sintesi sta proprio in questo: la decostruzione \u00e8 inevitabile vivendo dopo il post-moderno, ma nulla toglie alla potenza della storia. Infatti subito dopo si passa all'apprendimento dal maestro Pei Pei - e cosa di pi\u00f9 epico dell'apprendere l'arte marziale dal maestro? L'esame di ingresso \u00e8 una sequenza spettacolare seguita da un classicissimo training montage abile nel far sentire la fatica e il sudore che sono necessari per l'apprendimento della sapienza (la mano che trema prendendo le bacchette). Forse l'equilibrio migliore tra ironia e pathos si ha nello scontro tra la Sposa e la sua nemesi. Due spade di Hattori Hanzo, ma senza lo spazio per usarle. Le due pi\u00f9 grandi guerriere che combattono in mezzo alla sporcizia e alle riviste porno. Ma tutto questo non impedisce allo scontro di essere mozzafiato. Tensione, capovolgimenti, confessioni e gran finale. Infine, menzione speciale per il non-combattimento con Bill. Non c'\u00e8 nessuna metafora migliore possibile della donna che pone fine alla violenza dell'uomo della Sposa che sconfigge Bill prendendo la di lui spada nel proprio fodero e quindi rendendolo impotente.\r\nIn uno dei suoi testi sparsi pi\u00f9 memorabili], David Foster Wallace parla direttamente della transizione al post-moderno a... qualcos'altro, e usa una metafora interessante.\r\n\r\nFor me, the last few years of the postmodern era have seemed a bit like the way you feel when you're in high school and your parents go on a trip, and you throw a party. (...) For a while it's great, free and freeing, parental authority gone and overthrown, a cat's-away-let's-play Dionysian revel. But then time passes and the party gets louder and louder, and you run out of drugs, and nobody's got any money for more drugs, and things get broken and spilled, and there's a cigarette burn on the couch, and you're the host and it's your house too, and you gradually start wishing your parents would come back and restore some fucking order in your house. It's not a perfect analogy, but the sense I get of my generation of writers and intellectuals or whatever is that it's 3:00 A.M. and the couch has several burn-holes and somebody's thrown up in the umbrella stand and we're wishing the revel would end. (...) And then the uneasiest feeling of all, as we start gradually to realize that parents in fact aren't ever coming back-which means \"we're\" going to have to be the parents.\r\n\r\nLa stupenda scena del test di gravidanza alla fine di \"Kill Bill Vol. 2\" e i super-melensi titoli di coda chiariscono che \"Kill Bill\" \u00e8 fondamentalmente la storia di una donna che rinuncia alla violenza per la maternit\u00e0. Ma questo altro non \u00e8 a sua volta che il riflesso del mutamento stilistico nell'opera di Tarantino. Ora, quel cazzone di Tarantino ovviamente non ha figli e David Foster Wallace non ha avuto il tempo di farli, ma comunque deve essere parso a entrambi evidente come non ci fosse metafora migliore del passaggio di et\u00e0 che si accingevano a compiere del passaggio dall'essere figli ad avere figli.\r\nE se pu\u00f2 sembrare assurdo parlare di rinuncia alla violenza come chiave di lettura di un film di Tarantino in cui viene pronunciata la frase \"lasciate qui i vostri arti mozzati perch\u00e9 adesso mi appartengono\" (Volume 1), si rifletta sull'importante e sottolineata carrellata all'indietro quando i killer entrano nella chiesa per massacrare la Sposa, il prete e tutti gli invitati (Volume 2). \u00c8 un esplicito, letterale ritrarsi dalla rappresentazione della violenza contro gli inermi, volto a deludere quanti tra gli spettatori attendevano dall'inizio del primo film l'artistica messa in scena del massacro.\r\n\r\nQ&U\r\n\r\nNon dobbiamo per\u00f2 pensare che il film sia una creazione del solo Tarantino. Sempre nei titoli di coda del secondo volume leggiamo che il personaggio della Sposa \u00e8 creato da \"Q&U\". Questa affermazione non si riferisce solo alla prima versione della sceneggiatura che leggenda vuole sia stata scritta durante le riprese di \"Pulp Fiction\". L'interpretazione di Uma \u00e8 cos\u00ec perfetta che il personaggio non pu\u00f2 fare a meno dell'attrice. Un personaggio intrappolato tra regole autoimposte ed emozioni, la cui tensione si avverte fin dalla prima scena con la figlia di Copperhead: \"Non era mia intenzione farlo davanti a te. E questo mi dispiace. Ma puoi credermi sulla parola, tua madre se l'\u00e8 cercata. Quando sarai grande, se la cosa ti brucer\u00e0 ancora e vorrai vendicarti, io ti aspetter\u00f2\" fino all'ultimo pianto/riso disperato sul pavimento del bagno nell'hotel in Messico in cui si sente a malapena solo \"Grazie\". In particolare, se nel primo volume la protagonista deve essere monolitica in quanto iconica, nel secondo vediamo spiegarsi la tenerezza ingenua nei flashback con Bill, la rabbia repressa nel flashback con Pei Mei, lo smarrimento nel fissare il test di gravidanza, il violento  sconvolgimento al momento dell'incontro con la figlia. Senza per\u00f2 ritrarsi da momenti kick-ass come il confronto con Elle Driver.  Tutto questo inquadrato dall'occhio sfacciatamente innamorato di Quentin, cosa che come negli altri mille casi nella storia del cinema da Ingrid Bergman a sua figlia Isabella Rossellini, da Gong Li ad Ad\u00e8le Exarchoupoulos, spesso risulta in grandi film.\r\nNel dittico di \"Kill Bill\" il fan trover\u00e0 tutto quello che si aspetta da Tarantino, un po' perch\u00e9 ai fan lui vuole bene, un po' perch\u00e9 lui \u00e8 probabilmente proprio fatto cos\u00ec. Ad esempio, non poteva mancare una colonna sonora raffinatissima, incessante e perfettamente combinata con l'immagine. Poche scene hanno mai dato la sensazione di \"siamo cattivi ma siamo cool\" come il montaggio dell'ingresso di O-Ren Ishii e della sua banda al ristorante sulle note di \"Battle Without Honor or Humanity\", con l'immagine che stacca, salta e rallenta a ritmo. E nel mio ricordo la discesa della Sposa dalle scale per andare incontro al finale della storia era in slow motion, ma non lo \u00e8, \u00e8 solo mossa dal ritmo dolcissimo di \"About her\". Ovviamente ci sono anche i capitoli presentati in ordine non cronologico, c'\u00e8 la violenza insostenibile, l'amore per i dettagli idioti (la pistola nascosta dentro i Cereali Kaboom), ci sono le sigarette Red Apple e persino il feticismo per i piedi. Ma \"Kill Bill\" \u00e8 in realt\u00e0 un (doppio) unicum nella cinematografia tarantiniana, uno spartiacque dopo il quale, non a caso, Tarantino ha scelto di chiudere il discorso sul post-moderno e di rivolgersi alla Storia.", "voto": 10, "genere": "Drammatico", "pub_date": "2017-08-02T09:58:15.859Z", "rank": 66.66666666666666}}, {"model": "recensioni.commento", "pk": 1, "fields": {"recensione": 3, "autore": 2, "voto": true, "testo": "Bellissima recensione!"}}, {"model": "recensioni.commento", "pk": 2, "fields": {"recensione": 3, "autore": 2, "voto": true, "testo": ""}}, {"model": "recensioni.commento", "pk": 3, "fields": {"recensione": 1, "autore": 1, "voto": false, "testo": "Una bella recensione ma.. Che noia sto film!"}}, {"model": "recensioni.commento", "pk": 4, "fields": {"recensione": 2, "autore": 3, "voto": true, "testo": "daidai"}}, {"model": "recensioni.commento", "pk": 5, "fields": {"recensione": 2, "autore": 1, "voto": false, "testo": "brutta"}}, {"model": "recensioni.commento", "pk": 6, "fields": {"recensione": 2, "autore": 1, "voto": null, "testo": "try"}}, {"model": "recensioni.commento", "pk": 7, "fields": {"recensione": 13, "autore": 1, "voto": true, "testo": "commento prova"}}, {"model": "recensioni.commento", "pk": 8, "fields": {"recensione": 13, "autore": 1, "voto": null, "testo": "mediocre"}}, {"model": "recensioni.commento", "pk": 9, "fields": {"recensione": 1, "autore": 2, "voto": true, "testo": "Bellissimo"}}, {"model": "recensioni.commento", "pk": 10, "fields": {"recensione": 1, "autore": 2, "voto": true, "testo": "Bellissimo"}}, {"model": "recensioni.commento", "pk": 11, "fields": {"recensione": 1, "autore": 2, "voto": true, "testo": "Bellissimo"}}, {"model": "recensioni.commento", "pk": 12, "fields": {"recensione": 14, "autore": 3, "voto": true, "testo": "Yeah"}}, {"model": "recensioni.commento", "pk": 13, "fields": {"recensione": 2, "autore": 2, "voto": true, "testo": "Assolutamente s\u00ec"}}, {"model": "recensioni.commento", "pk": 14, "fields": {"recensione": 3, "autore": 2, "voto": null, "testo": "Piaciuta assai."}}, {"model": "recensioni.commento", "pk": 15, "fields": {"recensione": 3, "autore": 1, "voto": true, "testo": "Confermo in toto."}}, {"model": "recensioni.commento", "pk": 16, "fields": {"recensione": 3, "autore": 5, "voto": true, "testo": "Come dargli torto"}}, {"model": "recensioni.commento", "pk": 17, "fields": {"recensione": 1, "autore": 3, "voto": true, "testo": "yes"}}, {"model": "recensioni.commento", "pk": 18, "fields": {"recensione": 3, "autore": 5, "voto": true, "testo": "ornot"}}, {"model": "recensioni.commento", "pk": 19, "fields": {"recensione": 3, "autore": 5, "voto": true, "testo": "ornot"}}, {"model": "recensioni.commento", "pk": 20, "fields": {"recensione": 20, "autore": 1, "voto": true, "testo": "Pienamente d'accordo con il recensore, film osceno."}}, {"model": "recensioni.commento", "pk": 21, "fields": {"recensione": 20, "autore": 5, "voto": false, "testo": "Boh, a me \u00e8 piaciuto.."}}, {"model": "recensioni.commento", "pk": 22, "fields": {"recensione": 20, "autore": 3, "voto": true, "testo": ""}}, {"model": "recensioni.commento", "pk": 23, "fields": {"recensione": 20, "autore": 4, "voto": null, "testo": "Triggered"}}, {"model": "recensioni.commento", "pk": 24, "fields": {"recensione": 21, "autore": 6, "voto": false, "testo": "Decisamente meritava peggio di un 6,5. Massimo massimo un 5,5."}}, {"model": "recensioni.commento", "pk": 25, "fields": {"recensione": 21, "autore": 1, "voto": false, "testo": ""}}, {"model": "recensioni.commento", "pk": 26, "fields": {"recensione": 21, "autore": 5, "voto": true, "testo": ""}}, {"model": "recensioni.commento", "pk": 27, "fields": {"recensione": 21, "autore": 3, "voto": true, "testo": "Yeah, bello bello."}}, {"model": "recensioni.commento", "pk": 28, "fields": {"recensione": 22, "autore": 6, "voto": true, "testo": ""}}, {"model": "recensioni.commento", "pk": 29, "fields": {"recensione": 22, "autore": 1, "voto": true, "testo": ""}}, {"model": "recensioni.commento", "pk": 30, "fields": {"recensione": 22, "autore": 3, "voto": true, "testo": ""}}, {"model": "recensioni.commento", "pk": 31, "fields": {"recensione": 22, "autore": 5, "voto": true, "testo": ""}}, {"model": "recensioni.commento", "pk": 32, "fields": {"recensione": 23, "autore": 1, "voto": true, "testo": ""}}, {"model": "recensioni.commento", "pk": 33, "fields": {"recensione": 23, "autore": 6, "voto": false, "testo": ""}}, {"model": "recensioni.commento", "pk": 34, "fields": {"recensione": 23, "autore": 3, "voto": null, "testo": ""}}, {"model": "recensioni.commento", "pk": 35, "fields": {"recensione": 23, "autore": 5, "voto": true, "testo": ""}}, {"model": "recensioni.commento", "pk": 36, "fields": {"recensione": 24, "autore": 1, "voto": true, "testo": ""}}, {"model": "recensioni.commento", "pk": 37, "fields": {"recensione": 24, "autore": 6, "voto": false, "testo": ""}}, {"model": "recensioni.commento", "pk": 38, "fields": {"recensione": 24, "autore": 5, "voto": true, "testo": ""}}, {"model": "recensioni.commento", "pk": 39, "fields": {"recensione": 24, "autore": 3, "voto": true, "testo": ""}}, {"model": "recensioni.commento", "pk": 40, "fields": {"recensione": 25, "autore": 7, "voto": true, "testo": ""}}, {"model": "recensioni.commento", "pk": 41, "fields": {"recensione": 25, "autore": 6, "voto": true, "testo": ""}}, {"model": "recensioni.commento", "pk": 42, "fields": {"recensione": 25, "autore": 1, "voto": true, "testo": ""}}, {"model": "recensioni.commento", "pk": 43, "fields": {"recensione": 25, "autore": 2, "voto": true, "testo": ""}}, {"model": "recensioni.commento", "pk": 44, "fields": {"recensione": 26, "autore": 7, "voto": true, "testo": ""}}, {"model": "recensioni.commento", "pk": 45, "fields": {"recensione": 26, "autore": 5, "voto": true, "testo": ""}}, {"model": "recensioni.commento", "pk": 46, "fields": {"recensione": 26, "autore": 1, "voto": true, "testo": ""}}, {"model": "recensioni.commento", "pk": 47, "fields": {"recensione": 27, "autore": 6, "voto": false, "testo": ""}}, {"model": "recensioni.commento", "pk": 48, "fields": {"recensione": 27, "autore": 8, "voto": true, "testo": ""}}, {"model": "recensioni.commento", "pk": 49, "fields": {"recensione": 27, "autore": 7, "voto": true, "testo": ""}}, {"model": "recensioni.commento", "pk": 50, "fields": {"recensione": 27, "autore": 5, "voto": true, "testo": ""}}, {"model": "recensioni.commento", "pk": 51, "fields": {"recensione": 28, "autore": 8, "voto": true, "testo": ""}}, {"model": "recensioni.commento", "pk": 52, "fields": {"recensione": 28, "autore": 5, "voto": true, "testo": ""}}, {"model": "recensioni.commento", "pk": 53, "fields": {"recensione": 28, "autore": 1, "voto": true, "testo": ""}}, {"model": "recensioni.commento", "pk": 54, "fields": {"recensione": 28, "autore": 3, "voto": false, "testo": ""}}, {"model": "portal.userprofile", "pk": 1, "fields": {"simVect": "", "check": false}}, {"model": "portal.userprofile", "pk": 2, "fields": {"simVect": "\"\"", "check": false}}, {"model": "portal.userprofile", "pk": 3, "fields": {"simVect": "", "check": false}}, {"model": "portal.userprofile", "pk": 4, "fields": {"simVect": "", "check": false}}, {"model": "portal.userprofile", "pk": 5, "fields": {"simVect": "", "check": false}}, {"model": "portal.userprofile", "pk": 6, "fields": {"simVect": "", "check": false}}, {"model": "portal.userprofile", "pk": 7, "fields": {"simVect": "", "check": false}}, {"model": "portal.userprofile", "pk": 8, "fields": {"simVect": "", "check": false}}, {"model": "portal.userprofile", "pk": 9, "fields": {"simVect": "", "check": false}}, {"model": "admin.logentry", "pk": 1, "fields": {"action_time": "2017-06-30T09:25:18.966Z", "user": 1, "content_type": 7, "object_id": "1", "object_repr": "C'era una volta in America..", "action_flag": 2, "change_message": "[{\"changed\": {\"fields\": [\"testo\", \"voto\"]}}]"}}, {"model": "admin.logentry", "pk": 2, "fields": {"action_time": "2017-06-30T09:43:57.441Z", "user": 1, "content_type": 7, "object_id": "1", "object_repr": "C'era una volta in America..", "action_flag": 2, "change_message": "[]"}}, {"model": "admin.logentry", "pk": 3, "fields": {"action_time": "2017-06-30T10:14:14.253Z", "user": 1, "content_type": 7, "object_id": "2", "object_repr": "Un altra rec", "action_flag": 1, "change_message": "[{\"added\": {}}]"}}, {"model": "admin.logentry", "pk": 4, "fields": {"action_time": "2017-06-30T20:05:51.775Z", "user": 1, "content_type": 7, "object_id": "1", "object_repr": "C'era una volta in America..", "action_flag": 2, "change_message": "[{\"changed\": {\"fields\": [\"voto\"]}}]"}}, {"model": "admin.logentry", "pk": 5, "fields": {"action_time": "2017-06-30T20:11:14.791Z", "user": 1, "content_type": 7, "object_id": "3", "object_repr": "vuota", "action_flag": 1, "change_message": "[{\"added\": {}}]"}}, {"model": "admin.logentry", "pk": 6, "fields": {"action_time": "2017-06-30T20:12:03.839Z", "user": 1, "content_type": 7, "object_id": "3", "object_repr": "vuota", "action_flag": 2, "change_message": "[{\"changed\": {\"fields\": [\"voto\"]}}]"}}, {"model": "admin.logentry", "pk": 7, "fields": {"action_time": "2017-06-30T20:27:36.949Z", "user": 1, "content_type": 7, "object_id": "3", "object_repr": "vuota", "action_flag": 2, "change_message": "[]"}}, {"model": "admin.logentry", "pk": 8, "fields": {"action_time": "2017-06-30T20:27:39.364Z", "user": 1, "content_type": 7, "object_id": "3", "object_repr": "vuota", "action_flag": 2, "change_message": "[]"}}, {"model": "admin.logentry", "pk": 9, "fields": {"action_time": "2017-06-30T20:27:46.065Z", "user": 1, "content_type": 7, "object_id": "2", "object_repr": "Un altra rec", "action_flag": 2, "change_message": "[]"}}, {"model": "admin.logentry", "pk": 10, "fields": {"action_time": "2017-06-30T20:28:00.816Z", "user": 1, "content_type": 7, "object_id": "2", "object_repr": "Un altra rec", "action_flag": 2, "change_message": "[{\"changed\": {\"fields\": [\"voto\"]}}]"}}, {"model": "admin.logentry", "pk": 11, "fields": {"action_time": "2017-06-30T20:28:35.150Z", "user": 1, "content_type": 7, "object_id": "2", "object_repr": "Un altra rec", "action_flag": 2, "change_message": "[]"}}, {"model": "admin.logentry", "pk": 12, "fields": {"action_time": "2017-07-01T12:51:08.007Z", "user": 1, "content_type": 7, "object_id": "3", "object_repr": "vuota", "action_flag": 2, "change_message": "[{\"changed\": {\"fields\": [\"voto\"]}}]"}}, {"model": "admin.logentry", "pk": 13, "fields": {"action_time": "2017-07-01T12:51:28.900Z", "user": 1, "content_type": 7, "object_id": "2", "object_repr": "Un altra rec", "action_flag": 2, "change_message": "[{\"changed\": {\"fields\": [\"voto\"]}}]"}}, {"model": "admin.logentry", "pk": 14, "fields": {"action_time": "2017-07-01T13:02:33.151Z", "user": 1, "content_type": 7, "object_id": "3", "object_repr": "vuota", "action_flag": 2, "change_message": "[{\"changed\": {\"fields\": [\"voto\"]}}]"}}, {"model": "admin.logentry", "pk": 15, "fields": {"action_time": "2017-07-01T13:02:42.537Z", "user": 1, "content_type": 7, "object_id": "3", "object_repr": "vuota", "action_flag": 2, "change_message": "[{\"changed\": {\"fields\": [\"voto\"]}}]"}}, {"model": "admin.logentry", "pk": 16, "fields": {"action_time": "2017-07-01T13:10:27.062Z", "user": 1, "content_type": 7, "object_id": "3", "object_repr": "La 25\u00aa ora", "action_flag": 2, "change_message": "[{\"changed\": {\"fields\": [\"titolo\", \"testo\", \"voto\"]}}]"}}, {"model": "admin.logentry", "pk": 17, "fields": {"action_time": "2017-07-01T15:00:39.384Z", "user": 1, "content_type": 7, "object_id": "3", "object_repr": "La 25\u00aa ora", "action_flag": 2, "change_message": "[{\"changed\": {\"fields\": [\"autore\"]}}]"}}, {"model": "admin.logentry", "pk": 18, "fields": {"action_time": "2017-07-03T16:10:38.315Z", "user": 1, "content_type": 9, "object_id": "PrimeTreRecensioni", "object_repr": "PrimeTreRecensioni", "action_flag": 1, "change_message": "[{\"added\": {}}]"}}, {"model": "admin.logentry", "pk": 19, "fields": {"action_time": "2017-07-03T16:12:19.089Z", "user": 1, "content_type": 3, "object_id": "2", "object_repr": "anonymous", "action_flag": 1, "change_message": "[{\"added\": {}}]"}}, {"model": "admin.logentry", "pk": 20, "fields": {"action_time": "2017-07-05T09:37:42.763Z", "user": 1, "content_type": 8, "object_id": "1", "object_repr": "Bellissima recensione!", "action_flag": 1, "change_message": "[{\"added\": {}}]"}}, {"model": "admin.logentry", "pk": 21, "fields": {"action_time": "2017-07-05T09:58:32.239Z", "user": 1, "content_type": 8, "object_id": "2", "object_repr": "", "action_flag": 1, "change_message": "[{\"added\": {}}]"}}, {"model": "admin.logentry", "pk": 22, "fields": {"action_time": "2017-07-05T13:51:59.495Z", "user": 1, "content_type": 8, "object_id": "3", "object_repr": "Una bella recensione ma.. Che noia sto film!", "action_flag": 1, "change_message": "[{\"added\": {}}]"}}, {"model": "admin.logentry", "pk": 23, "fields": {"action_time": "2017-07-09T17:14:51.179Z", "user": 1, "content_type": 3, "object_id": "2", "object_repr": "anonymous", "action_flag": 2, "change_message": "[]"}}, {"model": "admin.logentry", "pk": 24, "fields": {"action_time": "2017-07-09T17:22:40.632Z", "user": 1, "content_type": 7, "object_id": "1", "object_repr": "C'era una volta in America..", "action_flag": 2, "change_message": "[{\"changed\": {\"fields\": [\"autore\"]}}]"}}, {"model": "admin.logentry", "pk": 25, "fields": {"action_time": "2017-07-09T17:24:46.643Z", "user": 1, "content_type": 7, "object_id": "3", "object_repr": "La 25\u00aa ora", "action_flag": 2, "change_message": "[]"}}, {"model": "admin.logentry", "pk": 26, "fields": {"action_time": "2017-07-09T17:25:07.637Z", "user": 1, "content_type": 7, "object_id": "5", "object_repr": "hi", "action_flag": 3, "change_message": ""}}, {"model": "admin.logentry", "pk": 27, "fields": {"action_time": "2017-07-09T17:25:07.749Z", "user": 1, "content_type": 7, "object_id": "4", "object_repr": "beh", "action_flag": 3, "change_message": ""}}, {"model": "admin.logentry", "pk": 28, "fields": {"action_time": "2017-07-10T08:38:51.326Z", "user": 1, "content_type": 7, "object_id": "2", "object_repr": "Un altra rec", "action_flag": 2, "change_message": "[{\"changed\": {\"fields\": [\"autore\"]}}]"}}, {"model": "admin.logentry", "pk": 29, "fields": {"action_time": "2017-07-10T14:09:13.283Z", "user": 1, "content_type": 3, "object_id": "2", "object_repr": "anonymous", "action_flag": 2, "change_message": "[{\"changed\": {\"fields\": [\"password\"]}}]"}}, {"model": "admin.logentry", "pk": 30, "fields": {"action_time": "2017-07-10T14:28:24.003Z", "user": 1, "content_type": 3, "object_id": "3", "object_repr": "nobody", "action_flag": 1, "change_message": "[{\"added\": {}}]"}}, {"model": "admin.logentry", "pk": 31, "fields": {"action_time": "2017-07-10T15:42:50.266Z", "user": 1, "content_type": 3, "object_id": "4", "object_repr": "notactiveman", "action_flag": 1, "change_message": "[{\"added\": {}}]"}}, {"model": "admin.logentry", "pk": 32, "fields": {"action_time": "2017-07-10T15:43:25.196Z", "user": 1, "content_type": 3, "object_id": "4", "object_repr": "notactiveman", "action_flag": 2, "change_message": "[]"}}, {"model": "admin.logentry", "pk": 33, "fields": {"action_time": "2017-07-10T15:44:40.306Z", "user": 1, "content_type": 3, "object_id": "4", "object_repr": "notactiveman", "action_flag": 2, "change_message": "[{\"changed\": {\"fields\": [\"is_active\"]}}]"}}, {"model": "admin.logentry", "pk": 34, "fields": {"action_time": "2017-07-10T15:46:02.908Z", "user": 1, "content_type": 7, "object_id": "12", "object_repr": "nuova by anon", "action_flag": 3, "change_message": ""}}, {"model": "admin.logentry", "pk": 35, "fields": {"action_time": "2017-07-10T15:46:02.956Z", "user": 1, "content_type": 7, "object_id": "11", "object_repr": "hi", "action_flag": 3, "change_message": ""}}, {"model": "admin.logentry", "pk": 36, "fields": {"action_time": "2017-07-10T15:46:02.970Z", "user": 1, "content_type": 7, "object_id": "10", "object_repr": "ciao", "action_flag": 3, "change_message": ""}}, {"model": "admin.logentry", "pk": 37, "fields": {"action_time": "2017-07-10T15:46:02.982Z", "user": 1, "content_type": 7, "object_id": "9", "object_repr": "ciao", "action_flag": 3, "change_message": ""}}, {"model": "admin.logentry", "pk": 38, "fields": {"action_time": "2017-07-10T15:46:02.994Z", "user": 1, "content_type": 7, "object_id": "8", "object_repr": "ciao", "action_flag": 3, "change_message": ""}}, {"model": "admin.logentry", "pk": 39, "fields": {"action_time": "2017-07-10T15:46:03.005Z", "user": 1, "content_type": 7, "object_id": "7", "object_repr": "prova", "action_flag": 3, "change_message": ""}}, {"model": "admin.logentry", "pk": 40, "fields": {"action_time": "2017-07-10T15:46:03.099Z", "user": 1, "content_type": 7, "object_id": "6", "object_repr": "hi", "action_flag": 3, "change_message": ""}}, {"model": "admin.logentry", "pk": 41, "fields": {"action_time": "2017-07-10T15:47:56.124Z", "user": 1, "content_type": 3, "object_id": "5", "object_repr": "user1", "action_flag": 1, "change_message": "[{\"added\": {}}]"}}, {"model": "admin.logentry", "pk": 42, "fields": {"action_time": "2017-07-10T15:50:06.159Z", "user": 1, "content_type": 3, "object_id": "5", "object_repr": "user1", "action_flag": 2, "change_message": "[{\"changed\": {\"fields\": [\"first_name\", \"last_name\", \"email\"]}}]"}}, {"model": "admin.logentry", "pk": 43, "fields": {"action_time": "2017-07-11T14:36:46.191Z", "user": 1, "content_type": 9, "object_id": "PrimeTreRecensioni", "object_repr": "PrimeTreRecensioni", "action_flag": 2, "change_message": "[]"}}, {"model": "admin.logentry", "pk": 44, "fields": {"action_time": "2017-07-11T14:37:07.847Z", "user": 1, "content_type": 9, "object_id": "PrimeQuattroRecensione", "object_repr": "PrimeQuattroRecensione", "action_flag": 1, "change_message": "[{\"added\": {}}]"}}, {"model": "admin.logentry", "pk": 45, "fields": {"action_time": "2017-07-11T14:37:46.251Z", "user": 1, "content_type": 9, "object_id": "TopRecensioni", "object_repr": "TopRecensioni", "action_flag": 1, "change_message": "[{\"added\": {}}]"}}, {"model": "admin.logentry", "pk": 46, "fields": {"action_time": "2017-07-12T14:25:04.784Z", "user": 1, "content_type": 10, "object_id": "1", "object_repr": "che problema hai", "action_flag": 1, "change_message": "[{\"added\": {}}]"}}, {"model": "admin.logentry", "pk": 47, "fields": {"action_time": "2017-07-12T14:25:20.081Z", "user": 1, "content_type": 10, "object_id": "1", "object_repr": "che problema hai", "action_flag": 3, "change_message": ""}}, {"model": "admin.logentry", "pk": 48, "fields": {"action_time": "2017-07-12T14:26:38.913Z", "user": 1, "content_type": 10, "object_id": "2", "object_repr": "admin profilo", "action_flag": 1, "change_message": "[{\"added\": {}}]"}}, {"model": "admin.logentry", "pk": 49, "fields": {"action_time": "2017-07-12T14:49:39.056Z", "user": 1, "content_type": 10, "object_id": "3", "object_repr": "anonymous profilo", "action_flag": 1, "change_message": "[{\"added\": {}}]"}}, {"model": "admin.logentry", "pk": 50, "fields": {"action_time": "2017-07-17T15:55:59.078Z", "user": 1, "content_type": 10, "object_id": "5", "object_repr": "user1 profilo", "action_flag": 1, "change_message": "[{\"added\": {}}]"}}, {"model": "admin.logentry", "pk": 51, "fields": {"action_time": "2017-07-17T15:56:08.962Z", "user": 1, "content_type": 10, "object_id": "3", "object_repr": "nobody profilo", "action_flag": 1, "change_message": "[{\"added\": {}}]"}}, {"model": "admin.logentry", "pk": 52, "fields": {"action_time": "2017-07-31T10:49:33.005Z", "user": 1, "content_type": 7, "object_id": "15", "object_repr": "Mad Max - Fury Road", "action_flag": 1, "change_message": "[{\"added\": {}}]"}}, {"model": "admin.logentry", "pk": 53, "fields": {"action_time": "2017-07-31T10:49:43.520Z", "user": 1, "content_type": 7, "object_id": "15", "object_repr": "Mad Max - Fury Road", "action_flag": 2, "change_message": "[{\"changed\": {\"fields\": [\"autore\"]}}]"}}, {"model": "admin.logentry", "pk": 54, "fields": {"action_time": "2017-07-31T17:08:28.794Z", "user": 1, "content_type": 3, "object_id": "6", "object_repr": "giulia", "action_flag": 1, "change_message": "[{\"added\": {}}]"}}, {"model": "admin.logentry", "pk": 55, "fields": {"action_time": "2017-07-31T17:11:46.523Z", "user": 1, "content_type": 7, "object_id": "20", "object_repr": "Attacco al potere - Olympus Has Fallen", "action_flag": 1, "change_message": "[{\"added\": {}}, {\"added\": {\"object\": \"Pienamente d'accordo con il recensore, film osceno.\", \"name\": \"commento\"}}, {\"added\": {\"object\": \"Boh, a me \\u00e8 piaciuto..\", \"name\": \"commento\"}}, {\"added\": {\"object\": \"\", \"name\": \"commento\"}}, {\"added\": {\"object\": \"Triggered\", \"name\": \"commento\"}}]"}}, {"model": "admin.logentry", "pk": 56, "fields": {"action_time": "2017-07-31T17:19:11.812Z", "user": 1, "content_type": 9, "object_id": "Esplosioni", "object_repr": "Esplosioni", "action_flag": 1, "change_message": "[{\"added\": {}}]"}}, {"model": "admin.logentry", "pk": 57, "fields": {"action_time": "2017-07-31T17:20:16.543Z", "user": 1, "content_type": 9, "object_id": "TopFilm", "object_repr": "TopFilm", "action_flag": 1, "change_message": "[{\"added\": {}}]"}}, {"model": "admin.logentry", "pk": 58, "fields": {"action_time": "2017-07-31T18:11:25.186Z", "user": 1, "content_type": 3, "object_id": "7", "object_repr": "CineUser", "action_flag": 1, "change_message": "[{\"added\": {}}]"}}, {"model": "admin.logentry", "pk": 59, "fields": {"action_time": "2017-07-31T18:14:36.361Z", "user": 1, "content_type": 7, "object_id": "21", "object_repr": "Now You See Me 2 - I maghi del crimine", "action_flag": 1, "change_message": "[{\"added\": {}}, {\"added\": {\"name\": \"commento\", \"object\": \"Decisamente meritava peggio di un 6,5. Massimo massimo un 5,5.\"}}, {\"added\": {\"name\": \"commento\", \"object\": \"\"}}, {\"added\": {\"name\": \"commento\", \"object\": \"\"}}, {\"added\": {\"name\": \"commento\", \"object\": \"Yeah, bello bello.\"}}]"}}, {"model": "admin.logentry", "pk": 60, "fields": {"action_time": "2017-07-31T18:18:04.690Z", "user": 1, "content_type": 7, "object_id": "22", "object_repr": "Lo chiamavano Jeeg Robot", "action_flag": 1, "change_message": "[{\"added\": {}}, {\"added\": {\"name\": \"commento\", \"object\": \"\"}}, {\"added\": {\"name\": \"commento\", \"object\": \"\"}}, {\"added\": {\"name\": \"commento\", \"object\": \"\"}}, {\"added\": {\"name\": \"commento\", \"object\": \"\"}}]"}}, {"model": "admin.logentry", "pk": 61, "fields": {"action_time": "2017-07-31T18:21:52.877Z", "user": 1, "content_type": 9, "object_id": "BestOfItaly", "object_repr": "BestOfItaly", "action_flag": 1, "change_message": "[{\"added\": {}}]"}}, {"model": "admin.logentry", "pk": 62, "fields": {"action_time": "2017-07-31T18:21:58.309Z", "user": 1, "content_type": 7, "object_id": "23", "object_repr": "Mine", "action_flag": 1, "change_message": "[{\"added\": {}}, {\"added\": {\"name\": \"commento\", \"object\": \"\"}}, {\"added\": {\"name\": \"commento\", \"object\": \"\"}}, {\"added\": {\"name\": \"commento\", \"object\": \"\"}}, {\"added\": {\"name\": \"commento\", \"object\": \"\"}}, {\"added\": {\"name\": \"tag-recensione relationship\", \"object\": \"Tag_recensione object\"}}]"}}, {"model": "admin.logentry", "pk": 63, "fields": {"action_time": "2017-08-02T09:38:53.647Z", "user": 1, "content_type": 7, "object_id": "24", "object_repr": "Veloce come il vento", "action_flag": 1, "change_message": "[{\"added\": {}}, {\"added\": {\"name\": \"commento\", \"object\": \"\"}}, {\"added\": {\"name\": \"commento\", \"object\": \"\"}}, {\"added\": {\"name\": \"commento\", \"object\": \"\"}}, {\"added\": {\"name\": \"commento\", \"object\": \"\"}}]"}}, {"model": "admin.logentry", "pk": 64, "fields": {"action_time": "2017-08-02T09:41:36.882Z", "user": 1, "content_type": 3, "object_id": "8", "object_repr": "ComicFan", "action_flag": 1, "change_message": "[{\"added\": {}}]"}}, {"model": "admin.logentry", "pk": 65, "fields": {"action_time": "2017-08-02T09:43:17.496Z", "user": 1, "content_type": 7, "object_id": "25", "object_repr": "Batman Begins", "action_flag": 1, "change_message": "[{\"added\": {}}, {\"added\": {\"name\": \"commento\", \"object\": \"\"}}, {\"added\": {\"name\": \"commento\", \"object\": \"\"}}, {\"added\": {\"name\": \"commento\", \"object\": \"\"}}, {\"added\": {\"name\": \"commento\", \"object\": \"\"}}, {\"added\": {\"name\": \"tag-recensione relationship\", \"object\": \"Tag_recensione object\"}}]"}}, {"model": "admin.logentry", "pk": 66, "fields": {"action_time": "2017-08-02T09:47:09.854Z", "user": 1, "content_type": 7, "object_id": "26", "object_repr": "Il cavaliere oscuro", "action_flag": 1, "change_message": "[{\"added\": {}}, {\"added\": {\"name\": \"commento\", \"object\": \"\"}}, {\"added\": {\"name\": \"commento\", \"object\": \"\"}}, {\"added\": {\"name\": \"commento\", \"object\": \"\"}}, {\"added\": {\"name\": \"tag-recensione relationship\", \"object\": \"Tag_recensione object\"}}]"}}, {"model": "admin.logentry", "pk": 67, "fields": {"action_time": "2017-08-02T09:49:43.830Z", "user": 1, "content_type": 3, "object_id": "9", "object_repr": "Giacomo", "action_flag": 1, "change_message": "[{\"added\": {}}]"}}, {"model": "admin.logentry", "pk": 68, "fields": {"action_time": "2017-08-02T09:54:15.770Z", "user": 1, "content_type": 7, "object_id": "27", "object_repr": "Pulp Fiction", "action_flag": 1, "change_message": "[{\"added\": {}}, {\"added\": {\"name\": \"commento\", \"object\": \"\"}}, {\"added\": {\"name\": \"commento\", \"object\": \"\"}}, {\"added\": {\"name\": \"commento\", \"object\": \"\"}}, {\"added\": {\"name\": \"commento\", \"object\": \"\"}}, {\"added\": {\"name\": \"tag-recensione relationship\", \"object\": \"Tag_recensione object\"}}, {\"added\": {\"name\": \"tag-recensione relationship\", \"object\": \"Tag_recensione object\"}}]"}}, {"model": "admin.logentry", "pk": 69, "fields": {"action_time": "2017-08-02T09:58:15.863Z", "user": 1, "content_type": 7, "object_id": "28", "object_repr": "Kill Bill", "action_flag": 1, "change_message": "[{\"added\": {}}, {\"added\": {\"name\": \"commento\", \"object\": \"\"}}, {\"added\": {\"name\": \"commento\", \"object\": \"\"}}, {\"added\": {\"name\": \"commento\", \"object\": \"\"}}, {\"added\": {\"name\": \"commento\", \"object\": \"\"}}, {\"added\": {\"name\": \"tag-recensione relationship\", \"object\": \"Tag_recensione object\"}}]"}}, {"model": "admin.logentry", "pk": 70, "fields": {"action_time": "2017-08-05T14:15:49.935Z", "user": 1, "content_type": 3, "object_id": "2", "object_repr": "userAnon", "action_flag": 2, "change_message": "[{\"changed\": {\"fields\": [\"username\"]}}]"}}, {"model": "admin.logentry", "pk": 71, "fields": {"action_time": "2017-08-05T14:56:35.588Z", "user": 1, "content_type": 2, "object_id": "1", "object_repr": "Utenti", "action_flag": 1, "change_message": "[{\"added\": {}}]"}}, {"model": "admin.logentry", "pk": 72, "fields": {"action_time": "2017-08-05T14:57:21.493Z", "user": 1, "content_type": 2, "object_id": "2", "object_repr": "Recensori ufficiali", "action_flag": 1, "change_message": "[{\"added\": {}}]"}}, {"model": "admin.logentry", "pk": 73, "fields": {"action_time": "2017-08-05T14:58:10.144Z", "user": 1, "content_type": 2, "object_id": "1", "object_repr": "Utenti", "action_flag": 2, "change_message": "[]"}}, {"model": "admin.logentry", "pk": 74, "fields": {"action_time": "2017-08-05T15:21:22.165Z", "user": 1, "content_type": 3, "object_id": "7", "object_repr": "CineUser", "action_flag": 2, "change_message": "[]"}}, {"model": "admin.logentry", "pk": 75, "fields": {"action_time": "2017-08-05T15:21:43.057Z", "user": 1, "content_type": 3, "object_id": "8", "object_repr": "ComicFan", "action_flag": 2, "change_message": "[]"}}]